,EVALUATION_METRICS,CONFORMITY_DIST_MEANING,RECOMMENDER,CONFORMITY,TRADEOFF,DISTRIBUTION_LABEL,CALIBRATION_MEASURE,RELEVANCE,SELECTOR_LABEL,TRADEOFF_WEIGHT,COMBINATION
0,1.855612562398998,USER_PREF,SVD,KMEANS,LIN,CWS,VICIS_EMANON2,NDCG,SURROGATE,VAR,SVD-KMEANS-LIN-CWS-VICIS_EMANON2-NDCG-SURROGATE-VAR
1,3.6813545720425513,USERS_CAND_ITEMS,SVD,KMEANS,LIN,CWS,VICIS_EMANON2,NDCG,SURROGATE,VAR,SVD-KMEANS-LIN-CWS-VICIS_EMANON2-NDCG-SURROGATE-VAR
2,2.3375826778447406,USERS_REC_LISTS,SVD,KMEANS,LIN,CWS,VICIS_EMANON2,NDCG,SURROGATE,VAR,SVD-KMEANS-LIN-CWS-VICIS_EMANON2-NDCG-SURROGATE-VAR
0,1.855190442585466,USER_PREF,SVD,KMEANS,LIN,CWS,VICIS_EMANON2,NDCG,SURROGATE,CGR,SVD-KMEANS-LIN-CWS-VICIS_EMANON2-NDCG-SURROGATE-CGR
1,3.682062292734306,USERS_CAND_ITEMS,SVD,KMEANS,LIN,CWS,VICIS_EMANON2,NDCG,SURROGATE,CGR,SVD-KMEANS-LIN-CWS-VICIS_EMANON2-NDCG-SURROGATE-CGR
2,2.324496562922444,USERS_REC_LISTS,SVD,KMEANS,LIN,CWS,VICIS_EMANON2,NDCG,SURROGATE,CGR,SVD-KMEANS-LIN-CWS-VICIS_EMANON2-NDCG-SURROGATE-CGR
0,1.855190442585466,USER_PREF,SVD,KMEANS,LIN,CWS,VICIS_EMANON2,NDCG,SURROGATE,C@0.0,SVD-KMEANS-LIN-CWS-VICIS_EMANON2-NDCG-SURROGATE-C@0.0
1,3.681005434895112,USERS_CAND_ITEMS,SVD,KMEANS,LIN,CWS,VICIS_EMANON2,NDCG,SURROGATE,C@0.0,SVD-KMEANS-LIN-CWS-VICIS_EMANON2-NDCG-SURROGATE-C@0.0
2,3.012711398520281,USERS_REC_LISTS,SVD,KMEANS,LIN,CWS,VICIS_EMANON2,NDCG,SURROGATE,C@0.0,SVD-KMEANS-LIN-CWS-VICIS_EMANON2-NDCG-SURROGATE-C@0.0
0,1.855190442585466,USER_PREF,SVD,KMEANS,LIN,CWS,VICIS_EMANON2,NDCG,SURROGATE,C@0.1,SVD-KMEANS-LIN-CWS-VICIS_EMANON2-NDCG-SURROGATE-C@0.1
1,3.7641600020884,USERS_CAND_ITEMS,SVD,KMEANS,LIN,CWS,VICIS_EMANON2,NDCG,SURROGATE,C@0.1,SVD-KMEANS-LIN-CWS-VICIS_EMANON2-NDCG-SURROGATE-C@0.1
2,2.374801440623256,USERS_REC_LISTS,SVD,KMEANS,LIN,CWS,VICIS_EMANON2,NDCG,SURROGATE,C@0.1,SVD-KMEANS-LIN-CWS-VICIS_EMANON2-NDCG-SURROGATE-C@0.1
0,1.855190442585466,USER_PREF,SVD,KMEANS,LIN,CWS,VICIS_EMANON2,NDCG,SURROGATE,C@0.2,SVD-KMEANS-LIN-CWS-VICIS_EMANON2-NDCG-SURROGATE-C@0.2
1,3.682462574637128,USERS_CAND_ITEMS,SVD,KMEANS,LIN,CWS,VICIS_EMANON2,NDCG,SURROGATE,C@0.2,SVD-KMEANS-LIN-CWS-VICIS_EMANON2-NDCG-SURROGATE-C@0.2
2,2.37025007186914,USERS_REC_LISTS,SVD,KMEANS,LIN,CWS,VICIS_EMANON2,NDCG,SURROGATE,C@0.2,SVD-KMEANS-LIN-CWS-VICIS_EMANON2-NDCG-SURROGATE-C@0.2
0,1.855612562398998,USER_PREF,SVD,KMEANS,LIN,CWS,VICIS_EMANON2,NDCG,SURROGATE,C@0.3,SVD-KMEANS-LIN-CWS-VICIS_EMANON2-NDCG-SURROGATE-C@0.3
1,3.680325555126609,USERS_CAND_ITEMS,SVD,KMEANS,LIN,CWS,VICIS_EMANON2,NDCG,SURROGATE,C@0.3,SVD-KMEANS-LIN-CWS-VICIS_EMANON2-NDCG-SURROGATE-C@0.3
2,2.350043995666032,USERS_REC_LISTS,SVD,KMEANS,LIN,CWS,VICIS_EMANON2,NDCG,SURROGATE,C@0.3,SVD-KMEANS-LIN-CWS-VICIS_EMANON2-NDCG-SURROGATE-C@0.3
0,1.855190442585466,USER_PREF,SVD,KMEANS,LIN,CWS,VICIS_EMANON2,NDCG,SURROGATE,C@0.4,SVD-KMEANS-LIN-CWS-VICIS_EMANON2-NDCG-SURROGATE-C@0.4
1,3.682062292734306,USERS_CAND_ITEMS,SVD,KMEANS,LIN,CWS,VICIS_EMANON2,NDCG,SURROGATE,C@0.4,SVD-KMEANS-LIN-CWS-VICIS_EMANON2-NDCG-SURROGATE-C@0.4
2,2.3365975529429983,USERS_REC_LISTS,SVD,KMEANS,LIN,CWS,VICIS_EMANON2,NDCG,SURROGATE,C@0.4,SVD-KMEANS-LIN-CWS-VICIS_EMANON2-NDCG-SURROGATE-C@0.4
0,1.855190442585466,USER_PREF,SVD,KMEANS,LIN,CWS,VICIS_EMANON2,NDCG,SURROGATE,C@0.5,SVD-KMEANS-LIN-CWS-VICIS_EMANON2-NDCG-SURROGATE-C@0.5
1,3.680149402990738,USERS_CAND_ITEMS,SVD,KMEANS,LIN,CWS,VICIS_EMANON2,NDCG,SURROGATE,C@0.5,SVD-KMEANS-LIN-CWS-VICIS_EMANON2-NDCG-SURROGATE-C@0.5
2,2.3360236197594677,USERS_REC_LISTS,SVD,KMEANS,LIN,CWS,VICIS_EMANON2,NDCG,SURROGATE,C@0.5,SVD-KMEANS-LIN-CWS-VICIS_EMANON2-NDCG-SURROGATE-C@0.5
0,1.855190442585466,USER_PREF,SVD,KMEANS,LIN,CWS,VICIS_EMANON2,NDCG,SURROGATE,C@0.6,SVD-KMEANS-LIN-CWS-VICIS_EMANON2-NDCG-SURROGATE-C@0.6
1,3.682462574637128,USERS_CAND_ITEMS,SVD,KMEANS,LIN,CWS,VICIS_EMANON2,NDCG,SURROGATE,C@0.6,SVD-KMEANS-LIN-CWS-VICIS_EMANON2-NDCG-SURROGATE-C@0.6
2,2.342256130965223,USERS_REC_LISTS,SVD,KMEANS,LIN,CWS,VICIS_EMANON2,NDCG,SURROGATE,C@0.6,SVD-KMEANS-LIN-CWS-VICIS_EMANON2-NDCG-SURROGATE-C@0.6
0,1.855190442585466,USER_PREF,SVD,KMEANS,LIN,CWS,VICIS_EMANON2,NDCG,SURROGATE,C@0.7,SVD-KMEANS-LIN-CWS-VICIS_EMANON2-NDCG-SURROGATE-C@0.7
1,3.682062292734306,USERS_CAND_ITEMS,SVD,KMEANS,LIN,CWS,VICIS_EMANON2,NDCG,SURROGATE,C@0.7,SVD-KMEANS-LIN-CWS-VICIS_EMANON2-NDCG-SURROGATE-C@0.7
2,2.340571124457945,USERS_REC_LISTS,SVD,KMEANS,LIN,CWS,VICIS_EMANON2,NDCG,SURROGATE,C@0.7,SVD-KMEANS-LIN-CWS-VICIS_EMANON2-NDCG-SURROGATE-C@0.7
0,1.855190442585466,USER_PREF,SVD,KMEANS,LIN,CWS,VICIS_EMANON2,NDCG,SURROGATE,C@0.8,SVD-KMEANS-LIN-CWS-VICIS_EMANON2-NDCG-SURROGATE-C@0.8
1,3.682062292734306,USERS_CAND_ITEMS,SVD,KMEANS,LIN,CWS,VICIS_EMANON2,NDCG,SURROGATE,C@0.8,SVD-KMEANS-LIN-CWS-VICIS_EMANON2-NDCG-SURROGATE-C@0.8
2,2.345748610134236,USERS_REC_LISTS,SVD,KMEANS,LIN,CWS,VICIS_EMANON2,NDCG,SURROGATE,C@0.8,SVD-KMEANS-LIN-CWS-VICIS_EMANON2-NDCG-SURROGATE-C@0.8
0,1.855190442585466,USER_PREF,SVD,KMEANS,LIN,CWS,VICIS_EMANON2,NDCG,SURROGATE,C@0.9,SVD-KMEANS-LIN-CWS-VICIS_EMANON2-NDCG-SURROGATE-C@0.9
1,3.681005434895112,USERS_CAND_ITEMS,SVD,KMEANS,LIN,CWS,VICIS_EMANON2,NDCG,SURROGATE,C@0.9,SVD-KMEANS-LIN-CWS-VICIS_EMANON2-NDCG-SURROGATE-C@0.9
2,2.3318326266400224,USERS_REC_LISTS,SVD,KMEANS,LIN,CWS,VICIS_EMANON2,NDCG,SURROGATE,C@0.9,SVD-KMEANS-LIN-CWS-VICIS_EMANON2-NDCG-SURROGATE-C@0.9
0,1.855190442585466,USER_PREF,SVD,KMEANS,LIN,CWS,VICIS_EMANON2,NDCG,SURROGATE,C@1.0,SVD-KMEANS-LIN-CWS-VICIS_EMANON2-NDCG-SURROGATE-C@1.0
1,3.7641600020884,USERS_CAND_ITEMS,SVD,KMEANS,LIN,CWS,VICIS_EMANON2,NDCG,SURROGATE,C@1.0,SVD-KMEANS-LIN-CWS-VICIS_EMANON2-NDCG-SURROGATE-C@1.0
2,2.324496562922444,USERS_REC_LISTS,SVD,KMEANS,LIN,CWS,VICIS_EMANON2,NDCG,SURROGATE,C@1.0,SVD-KMEANS-LIN-CWS-VICIS_EMANON2-NDCG-SURROGATE-C@1.0
0,1.854224670224045,USER_PREF,SVD,BISECTING,LIN,CWS,VICIS_EMANON2,NDCG,SURROGATE,VAR,SVD-BISECTING-LIN-CWS-VICIS_EMANON2-NDCG-SURROGATE-VAR
1,3.677738174329328,USERS_CAND_ITEMS,SVD,BISECTING,LIN,CWS,VICIS_EMANON2,NDCG,SURROGATE,VAR,SVD-BISECTING-LIN-CWS-VICIS_EMANON2-NDCG-SURROGATE-VAR
2,2.335715079785513,USERS_REC_LISTS,SVD,BISECTING,LIN,CWS,VICIS_EMANON2,NDCG,SURROGATE,VAR,SVD-BISECTING-LIN-CWS-VICIS_EMANON2-NDCG-SURROGATE-VAR
0,1.8530103334460175,USER_PREF,SVD,BISECTING,LIN,CWS,VICIS_EMANON2,NDCG,SURROGATE,CGR,SVD-BISECTING-LIN-CWS-VICIS_EMANON2-NDCG-SURROGATE-CGR
1,3.658848545294104,USERS_CAND_ITEMS,SVD,BISECTING,LIN,CWS,VICIS_EMANON2,NDCG,SURROGATE,CGR,SVD-BISECTING-LIN-CWS-VICIS_EMANON2-NDCG-SURROGATE-CGR
2,2.3245142710565654,USERS_REC_LISTS,SVD,BISECTING,LIN,CWS,VICIS_EMANON2,NDCG,SURROGATE,CGR,SVD-BISECTING-LIN-CWS-VICIS_EMANON2-NDCG-SURROGATE-CGR
0,1.856352482467576,USER_PREF,SVD,BISECTING,LIN,CWS,VICIS_EMANON2,NDCG,SURROGATE,C@0.0,SVD-BISECTING-LIN-CWS-VICIS_EMANON2-NDCG-SURROGATE-C@0.0
1,3.931332977285346,USERS_CAND_ITEMS,SVD,BISECTING,LIN,CWS,VICIS_EMANON2,NDCG,SURROGATE,C@0.0,SVD-BISECTING-LIN-CWS-VICIS_EMANON2-NDCG-SURROGATE-C@0.0
2,3.0133033427065383,USERS_REC_LISTS,SVD,BISECTING,LIN,CWS,VICIS_EMANON2,NDCG,SURROGATE,C@0.0,SVD-BISECTING-LIN-CWS-VICIS_EMANON2-NDCG-SURROGATE-C@0.0
0,1.8535254072715115,USER_PREF,SVD,BISECTING,LIN,CWS,VICIS_EMANON2,NDCG,SURROGATE,C@0.1,SVD-BISECTING-LIN-CWS-VICIS_EMANON2-NDCG-SURROGATE-C@0.1
1,4.052106533837984,USERS_CAND_ITEMS,SVD,BISECTING,LIN,CWS,VICIS_EMANON2,NDCG,SURROGATE,C@0.1,SVD-BISECTING-LIN-CWS-VICIS_EMANON2-NDCG-SURROGATE-C@0.1
2,2.3768474846852343,USERS_REC_LISTS,SVD,BISECTING,LIN,CWS,VICIS_EMANON2,NDCG,SURROGATE,C@0.1,SVD-BISECTING-LIN-CWS-VICIS_EMANON2-NDCG-SURROGATE-C@0.1
0,1.8554735892251653,USER_PREF,SVD,BISECTING,LIN,CWS,VICIS_EMANON2,NDCG,SURROGATE,C@0.2,SVD-BISECTING-LIN-CWS-VICIS_EMANON2-NDCG-SURROGATE-C@0.2
1,3.9320105834320103,USERS_CAND_ITEMS,SVD,BISECTING,LIN,CWS,VICIS_EMANON2,NDCG,SURROGATE,C@0.2,SVD-BISECTING-LIN-CWS-VICIS_EMANON2-NDCG-SURROGATE-C@0.2
2,2.366073509350479,USERS_REC_LISTS,SVD,BISECTING,LIN,CWS,VICIS_EMANON2,NDCG,SURROGATE,C@0.2,SVD-BISECTING-LIN-CWS-VICIS_EMANON2-NDCG-SURROGATE-C@0.2
0,1.855190442585466,USER_PREF,SVD,BISECTING,LIN,CWS,VICIS_EMANON2,NDCG,SURROGATE,C@0.3,SVD-BISECTING-LIN-CWS-VICIS_EMANON2-NDCG-SURROGATE-C@0.3
1,3.6579720935948288,USERS_CAND_ITEMS,SVD,BISECTING,LIN,CWS,VICIS_EMANON2,NDCG,SURROGATE,C@0.3,SVD-BISECTING-LIN-CWS-VICIS_EMANON2-NDCG-SURROGATE-C@0.3
2,2.349847810669259,USERS_REC_LISTS,SVD,BISECTING,LIN,CWS,VICIS_EMANON2,NDCG,SURROGATE,C@0.3,SVD-BISECTING-LIN-CWS-VICIS_EMANON2-NDCG-SURROGATE-C@0.3
0,1.857829562735736,USER_PREF,SVD,BISECTING,LIN,CWS,VICIS_EMANON2,NDCG,SURROGATE,C@0.4,SVD-BISECTING-LIN-CWS-VICIS_EMANON2-NDCG-SURROGATE-C@0.4
1,3.656105131803134,USERS_CAND_ITEMS,SVD,BISECTING,LIN,CWS,VICIS_EMANON2,NDCG,SURROGATE,C@0.4,SVD-BISECTING-LIN-CWS-VICIS_EMANON2-NDCG-SURROGATE-C@0.4
2,2.3383982100458325,USERS_REC_LISTS,SVD,BISECTING,LIN,CWS,VICIS_EMANON2,NDCG,SURROGATE,C@0.4,SVD-BISECTING-LIN-CWS-VICIS_EMANON2-NDCG-SURROGATE-C@0.4
0,1.8571209793940464,USER_PREF,SVD,BISECTING,LIN,CWS,VICIS_EMANON2,NDCG,SURROGATE,C@0.5,SVD-BISECTING-LIN-CWS-VICIS_EMANON2-NDCG-SURROGATE-C@0.5
1,4.012658320568318,USERS_CAND_ITEMS,SVD,BISECTING,LIN,CWS,VICIS_EMANON2,NDCG,SURROGATE,C@0.5,SVD-BISECTING-LIN-CWS-VICIS_EMANON2-NDCG-SURROGATE-C@0.5
2,2.335575572897978,USERS_REC_LISTS,SVD,BISECTING,LIN,CWS,VICIS_EMANON2,NDCG,SURROGATE,C@0.5,SVD-BISECTING-LIN-CWS-VICIS_EMANON2-NDCG-SURROGATE-C@0.5
0,1.8571165694089224,USER_PREF,SVD,BISECTING,LIN,CWS,VICIS_EMANON2,NDCG,SURROGATE,C@0.6,SVD-BISECTING-LIN-CWS-VICIS_EMANON2-NDCG-SURROGATE-C@0.6
1,3.680325555126609,USERS_CAND_ITEMS,SVD,BISECTING,LIN,CWS,VICIS_EMANON2,NDCG,SURROGATE,C@0.6,SVD-BISECTING-LIN-CWS-VICIS_EMANON2-NDCG-SURROGATE-C@0.6
2,2.3424389211321297,USERS_REC_LISTS,SVD,BISECTING,LIN,CWS,VICIS_EMANON2,NDCG,SURROGATE,C@0.6,SVD-BISECTING-LIN-CWS-VICIS_EMANON2-NDCG-SURROGATE-C@0.6
0,1.8537563041052556,USER_PREF,SVD,BISECTING,LIN,CWS,VICIS_EMANON2,NDCG,SURROGATE,C@0.7,SVD-BISECTING-LIN-CWS-VICIS_EMANON2-NDCG-SURROGATE-C@0.7
1,3.764799946226948,USERS_CAND_ITEMS,SVD,BISECTING,LIN,CWS,VICIS_EMANON2,NDCG,SURROGATE,C@0.7,SVD-BISECTING-LIN-CWS-VICIS_EMANON2-NDCG-SURROGATE-C@0.7
2,2.339564978211308,USERS_REC_LISTS,SVD,BISECTING,LIN,CWS,VICIS_EMANON2,NDCG,SURROGATE,C@0.7,SVD-BISECTING-LIN-CWS-VICIS_EMANON2-NDCG-SURROGATE-C@0.7
0,1.854224670224045,USER_PREF,SVD,BISECTING,LIN,CWS,VICIS_EMANON2,NDCG,SURROGATE,C@0.8,SVD-BISECTING-LIN-CWS-VICIS_EMANON2-NDCG-SURROGATE-C@0.8
1,3.677738174329328,USERS_CAND_ITEMS,SVD,BISECTING,LIN,CWS,VICIS_EMANON2,NDCG,SURROGATE,C@0.8,SVD-BISECTING-LIN-CWS-VICIS_EMANON2-NDCG-SURROGATE-C@0.8
2,2.7869158105650413,USERS_REC_LISTS,SVD,BISECTING,LIN,CWS,VICIS_EMANON2,NDCG,SURROGATE,C@0.8,SVD-BISECTING-LIN-CWS-VICIS_EMANON2-NDCG-SURROGATE-C@0.8
0,1.8527152573557104,USER_PREF,SVD,BISECTING,LIN,CWS,VICIS_EMANON2,NDCG,SURROGATE,C@0.9,SVD-BISECTING-LIN-CWS-VICIS_EMANON2-NDCG-SURROGATE-C@0.9
1,3.677738174329328,USERS_CAND_ITEMS,SVD,BISECTING,LIN,CWS,VICIS_EMANON2,NDCG,SURROGATE,C@0.9,SVD-BISECTING-LIN-CWS-VICIS_EMANON2-NDCG-SURROGATE-C@0.9
2,2.3297673128612417,USERS_REC_LISTS,SVD,BISECTING,LIN,CWS,VICIS_EMANON2,NDCG,SURROGATE,C@0.9,SVD-BISECTING-LIN-CWS-VICIS_EMANON2-NDCG-SURROGATE-C@0.9
0,1.856766492830574,USER_PREF,SVD,BISECTING,LIN,CWS,VICIS_EMANON2,NDCG,SURROGATE,C@1.0,SVD-BISECTING-LIN-CWS-VICIS_EMANON2-NDCG-SURROGATE-C@1.0
1,3.765117881346987,USERS_CAND_ITEMS,SVD,BISECTING,LIN,CWS,VICIS_EMANON2,NDCG,SURROGATE,C@1.0,SVD-BISECTING-LIN-CWS-VICIS_EMANON2-NDCG-SURROGATE-C@1.0
2,2.3247638258809267,USERS_REC_LISTS,SVD,BISECTING,LIN,CWS,VICIS_EMANON2,NDCG,SURROGATE,C@1.0,SVD-BISECTING-LIN-CWS-VICIS_EMANON2-NDCG-SURROGATE-C@1.0
0,1.9061204614564344,USER_PREF,SVD,AGGLO,LIN,CWS,VICIS_EMANON2,NDCG,SURROGATE,VAR,SVD-AGGLO-LIN-CWS-VICIS_EMANON2-NDCG-SURROGATE-VAR
1,4.132517910608161,USERS_CAND_ITEMS,SVD,AGGLO,LIN,CWS,VICIS_EMANON2,NDCG,SURROGATE,VAR,SVD-AGGLO-LIN-CWS-VICIS_EMANON2-NDCG-SURROGATE-VAR
2,2.509289716436147,USERS_REC_LISTS,SVD,AGGLO,LIN,CWS,VICIS_EMANON2,NDCG,SURROGATE,VAR,SVD-AGGLO-LIN-CWS-VICIS_EMANON2-NDCG-SURROGATE-VAR
0,1.9061204614564344,USER_PREF,SVD,AGGLO,LIN,CWS,VICIS_EMANON2,NDCG,SURROGATE,CGR,SVD-AGGLO-LIN-CWS-VICIS_EMANON2-NDCG-SURROGATE-CGR
1,4.132517910608161,USERS_CAND_ITEMS,SVD,AGGLO,LIN,CWS,VICIS_EMANON2,NDCG,SURROGATE,CGR,SVD-AGGLO-LIN-CWS-VICIS_EMANON2-NDCG-SURROGATE-CGR
2,2.545953137463349,USERS_REC_LISTS,SVD,AGGLO,LIN,CWS,VICIS_EMANON2,NDCG,SURROGATE,CGR,SVD-AGGLO-LIN-CWS-VICIS_EMANON2-NDCG-SURROGATE-CGR
0,1.9061204614564344,USER_PREF,SVD,AGGLO,LIN,CWS,VICIS_EMANON2,NDCG,SURROGATE,C@0.0,SVD-AGGLO-LIN-CWS-VICIS_EMANON2-NDCG-SURROGATE-C@0.0
1,4.132517910608161,USERS_CAND_ITEMS,SVD,AGGLO,LIN,CWS,VICIS_EMANON2,NDCG,SURROGATE,C@0.0,SVD-AGGLO-LIN-CWS-VICIS_EMANON2-NDCG-SURROGATE-C@0.0
2,3.584357016962188,USERS_REC_LISTS,SVD,AGGLO,LIN,CWS,VICIS_EMANON2,NDCG,SURROGATE,C@0.0,SVD-AGGLO-LIN-CWS-VICIS_EMANON2-NDCG-SURROGATE-C@0.0
0,1.9061204614564344,USER_PREF,SVD,AGGLO,LIN,CWS,VICIS_EMANON2,NDCG,SURROGATE,C@0.1,SVD-AGGLO-LIN-CWS-VICIS_EMANON2-NDCG-SURROGATE-C@0.1
1,4.132517910608161,USERS_CAND_ITEMS,SVD,AGGLO,LIN,CWS,VICIS_EMANON2,NDCG,SURROGATE,C@0.1,SVD-AGGLO-LIN-CWS-VICIS_EMANON2-NDCG-SURROGATE-C@0.1
2,2.6686931864998567,USERS_REC_LISTS,SVD,AGGLO,LIN,CWS,VICIS_EMANON2,NDCG,SURROGATE,C@0.1,SVD-AGGLO-LIN-CWS-VICIS_EMANON2-NDCG-SURROGATE-C@0.1
0,1.9061204614564344,USER_PREF,SVD,AGGLO,LIN,CWS,VICIS_EMANON2,NDCG,SURROGATE,C@0.2,SVD-AGGLO-LIN-CWS-VICIS_EMANON2-NDCG-SURROGATE-C@0.2
1,4.132517910608161,USERS_CAND_ITEMS,SVD,AGGLO,LIN,CWS,VICIS_EMANON2,NDCG,SURROGATE,C@0.2,SVD-AGGLO-LIN-CWS-VICIS_EMANON2-NDCG-SURROGATE-C@0.2
2,2.650207752431541,USERS_REC_LISTS,SVD,AGGLO,LIN,CWS,VICIS_EMANON2,NDCG,SURROGATE,C@0.2,SVD-AGGLO-LIN-CWS-VICIS_EMANON2-NDCG-SURROGATE-C@0.2
0,1.9061204614564344,USER_PREF,SVD,AGGLO,LIN,CWS,VICIS_EMANON2,NDCG,SURROGATE,C@0.3,SVD-AGGLO-LIN-CWS-VICIS_EMANON2-NDCG-SURROGATE-C@0.3
1,4.132517910608161,USERS_CAND_ITEMS,SVD,AGGLO,LIN,CWS,VICIS_EMANON2,NDCG,SURROGATE,C@0.3,SVD-AGGLO-LIN-CWS-VICIS_EMANON2-NDCG-SURROGATE-C@0.3
2,2.584554451680651,USERS_REC_LISTS,SVD,AGGLO,LIN,CWS,VICIS_EMANON2,NDCG,SURROGATE,C@0.3,SVD-AGGLO-LIN-CWS-VICIS_EMANON2-NDCG-SURROGATE-C@0.3
0,1.9061204614564344,USER_PREF,SVD,AGGLO,LIN,CWS,VICIS_EMANON2,NDCG,SURROGATE,C@0.4,SVD-AGGLO-LIN-CWS-VICIS_EMANON2-NDCG-SURROGATE-C@0.4
1,4.132517910608161,USERS_CAND_ITEMS,SVD,AGGLO,LIN,CWS,VICIS_EMANON2,NDCG,SURROGATE,C@0.4,SVD-AGGLO-LIN-CWS-VICIS_EMANON2-NDCG-SURROGATE-C@0.4
2,2.557138243348004,USERS_REC_LISTS,SVD,AGGLO,LIN,CWS,VICIS_EMANON2,NDCG,SURROGATE,C@0.4,SVD-AGGLO-LIN-CWS-VICIS_EMANON2-NDCG-SURROGATE-C@0.4
0,1.9061204614564344,USER_PREF,SVD,AGGLO,LIN,CWS,VICIS_EMANON2,NDCG,SURROGATE,C@0.5,SVD-AGGLO-LIN-CWS-VICIS_EMANON2-NDCG-SURROGATE-C@0.5
1,4.132517910608161,USERS_CAND_ITEMS,SVD,AGGLO,LIN,CWS,VICIS_EMANON2,NDCG,SURROGATE,C@0.5,SVD-AGGLO-LIN-CWS-VICIS_EMANON2-NDCG-SURROGATE-C@0.5
2,2.59072962920077,USERS_REC_LISTS,SVD,AGGLO,LIN,CWS,VICIS_EMANON2,NDCG,SURROGATE,C@0.5,SVD-AGGLO-LIN-CWS-VICIS_EMANON2-NDCG-SURROGATE-C@0.5
0,1.9061204614564344,USER_PREF,SVD,AGGLO,LIN,CWS,VICIS_EMANON2,NDCG,SURROGATE,C@0.6,SVD-AGGLO-LIN-CWS-VICIS_EMANON2-NDCG-SURROGATE-C@0.6
1,4.132517910608161,USERS_CAND_ITEMS,SVD,AGGLO,LIN,CWS,VICIS_EMANON2,NDCG,SURROGATE,C@0.6,SVD-AGGLO-LIN-CWS-VICIS_EMANON2-NDCG-SURROGATE-C@0.6
2,2.647781646942754,USERS_REC_LISTS,SVD,AGGLO,LIN,CWS,VICIS_EMANON2,NDCG,SURROGATE,C@0.6,SVD-AGGLO-LIN-CWS-VICIS_EMANON2-NDCG-SURROGATE-C@0.6
0,1.9061204614564344,USER_PREF,SVD,AGGLO,LIN,CWS,VICIS_EMANON2,NDCG,SURROGATE,C@0.7,SVD-AGGLO-LIN-CWS-VICIS_EMANON2-NDCG-SURROGATE-C@0.7
1,4.132517910608161,USERS_CAND_ITEMS,SVD,AGGLO,LIN,CWS,VICIS_EMANON2,NDCG,SURROGATE,C@0.7,SVD-AGGLO-LIN-CWS-VICIS_EMANON2-NDCG-SURROGATE-C@0.7
2,2.61074469041628,USERS_REC_LISTS,SVD,AGGLO,LIN,CWS,VICIS_EMANON2,NDCG,SURROGATE,C@0.7,SVD-AGGLO-LIN-CWS-VICIS_EMANON2-NDCG-SURROGATE-C@0.7
0,1.9061204614564344,USER_PREF,SVD,AGGLO,LIN,CWS,VICIS_EMANON2,NDCG,SURROGATE,C@0.8,SVD-AGGLO-LIN-CWS-VICIS_EMANON2-NDCG-SURROGATE-C@0.8
1,4.132517910608161,USERS_CAND_ITEMS,SVD,AGGLO,LIN,CWS,VICIS_EMANON2,NDCG,SURROGATE,C@0.8,SVD-AGGLO-LIN-CWS-VICIS_EMANON2-NDCG-SURROGATE-C@0.8
2,2.670644574218405,USERS_REC_LISTS,SVD,AGGLO,LIN,CWS,VICIS_EMANON2,NDCG,SURROGATE,C@0.8,SVD-AGGLO-LIN-CWS-VICIS_EMANON2-NDCG-SURROGATE-C@0.8
0,1.9061204614564344,USER_PREF,SVD,AGGLO,LIN,CWS,VICIS_EMANON2,NDCG,SURROGATE,C@0.9,SVD-AGGLO-LIN-CWS-VICIS_EMANON2-NDCG-SURROGATE-C@0.9
1,4.132517910608161,USERS_CAND_ITEMS,SVD,AGGLO,LIN,CWS,VICIS_EMANON2,NDCG,SURROGATE,C@0.9,SVD-AGGLO-LIN-CWS-VICIS_EMANON2-NDCG-SURROGATE-C@0.9
2,2.486469291753268,USERS_REC_LISTS,SVD,AGGLO,LIN,CWS,VICIS_EMANON2,NDCG,SURROGATE,C@0.9,SVD-AGGLO-LIN-CWS-VICIS_EMANON2-NDCG-SURROGATE-C@0.9
0,1.9061204614564344,USER_PREF,SVD,AGGLO,LIN,CWS,VICIS_EMANON2,NDCG,SURROGATE,C@1.0,SVD-AGGLO-LIN-CWS-VICIS_EMANON2-NDCG-SURROGATE-C@1.0
1,4.132517910608161,USERS_CAND_ITEMS,SVD,AGGLO,LIN,CWS,VICIS_EMANON2,NDCG,SURROGATE,C@1.0,SVD-AGGLO-LIN-CWS-VICIS_EMANON2-NDCG-SURROGATE-C@1.0
2,2.545953137463349,USERS_REC_LISTS,SVD,AGGLO,LIN,CWS,VICIS_EMANON2,NDCG,SURROGATE,C@1.0,SVD-AGGLO-LIN-CWS-VICIS_EMANON2-NDCG-SURROGATE-C@1.0
0,1.8162726215011489,USER_PREF,SVD,SPECTRAL,LIN,CWS,VICIS_EMANON2,NDCG,SURROGATE,VAR,SVD-SPECTRAL-LIN-CWS-VICIS_EMANON2-NDCG-SURROGATE-VAR
1,3.940925877017407,USERS_CAND_ITEMS,SVD,SPECTRAL,LIN,CWS,VICIS_EMANON2,NDCG,SURROGATE,VAR,SVD-SPECTRAL-LIN-CWS-VICIS_EMANON2-NDCG-SURROGATE-VAR
2,2.304138412719435,USERS_REC_LISTS,SVD,SPECTRAL,LIN,CWS,VICIS_EMANON2,NDCG,SURROGATE,VAR,SVD-SPECTRAL-LIN-CWS-VICIS_EMANON2-NDCG-SURROGATE-VAR
0,1.8178501579907556,USER_PREF,SVD,SPECTRAL,LIN,CWS,VICIS_EMANON2,NDCG,SURROGATE,CGR,SVD-SPECTRAL-LIN-CWS-VICIS_EMANON2-NDCG-SURROGATE-CGR
1,3.940925877017407,USERS_CAND_ITEMS,SVD,SPECTRAL,LIN,CWS,VICIS_EMANON2,NDCG,SURROGATE,CGR,SVD-SPECTRAL-LIN-CWS-VICIS_EMANON2-NDCG-SURROGATE-CGR
2,2.289872157647061,USERS_REC_LISTS,SVD,SPECTRAL,LIN,CWS,VICIS_EMANON2,NDCG,SURROGATE,CGR,SVD-SPECTRAL-LIN-CWS-VICIS_EMANON2-NDCG-SURROGATE-CGR
0,1.8178501579907556,USER_PREF,SVD,SPECTRAL,LIN,CWS,VICIS_EMANON2,NDCG,SURROGATE,C@0.0,SVD-SPECTRAL-LIN-CWS-VICIS_EMANON2-NDCG-SURROGATE-C@0.0
1,3.940925877017407,USERS_CAND_ITEMS,SVD,SPECTRAL,LIN,CWS,VICIS_EMANON2,NDCG,SURROGATE,C@0.0,SVD-SPECTRAL-LIN-CWS-VICIS_EMANON2-NDCG-SURROGATE-C@0.0
2,3.086652643020217,USERS_REC_LISTS,SVD,SPECTRAL,LIN,CWS,VICIS_EMANON2,NDCG,SURROGATE,C@0.0,SVD-SPECTRAL-LIN-CWS-VICIS_EMANON2-NDCG-SURROGATE-C@0.0
0,1.8178501579907556,USER_PREF,SVD,SPECTRAL,LIN,CWS,VICIS_EMANON2,NDCG,SURROGATE,C@0.1,SVD-SPECTRAL-LIN-CWS-VICIS_EMANON2-NDCG-SURROGATE-C@0.1
1,3.940925877017407,USERS_CAND_ITEMS,SVD,SPECTRAL,LIN,CWS,VICIS_EMANON2,NDCG,SURROGATE,C@0.1,SVD-SPECTRAL-LIN-CWS-VICIS_EMANON2-NDCG-SURROGATE-C@0.1
2,2.3414436893947164,USERS_REC_LISTS,SVD,SPECTRAL,LIN,CWS,VICIS_EMANON2,NDCG,SURROGATE,C@0.1,SVD-SPECTRAL-LIN-CWS-VICIS_EMANON2-NDCG-SURROGATE-C@0.1
0,1.817726409554845,USER_PREF,SVD,SPECTRAL,LIN,CWS,VICIS_EMANON2,NDCG,SURROGATE,C@0.2,SVD-SPECTRAL-LIN-CWS-VICIS_EMANON2-NDCG-SURROGATE-C@0.2
1,3.940925877017407,USERS_CAND_ITEMS,SVD,SPECTRAL,LIN,CWS,VICIS_EMANON2,NDCG,SURROGATE,C@0.2,SVD-SPECTRAL-LIN-CWS-VICIS_EMANON2-NDCG-SURROGATE-C@0.2
2,2.3290424369996305,USERS_REC_LISTS,SVD,SPECTRAL,LIN,CWS,VICIS_EMANON2,NDCG,SURROGATE,C@0.2,SVD-SPECTRAL-LIN-CWS-VICIS_EMANON2-NDCG-SURROGATE-C@0.2
0,1.8178501579907556,USER_PREF,SVD,SPECTRAL,LIN,CWS,VICIS_EMANON2,NDCG,SURROGATE,C@0.3,SVD-SPECTRAL-LIN-CWS-VICIS_EMANON2-NDCG-SURROGATE-C@0.3
1,3.940925877017407,USERS_CAND_ITEMS,SVD,SPECTRAL,LIN,CWS,VICIS_EMANON2,NDCG,SURROGATE,C@0.3,SVD-SPECTRAL-LIN-CWS-VICIS_EMANON2-NDCG-SURROGATE-C@0.3
2,2.311775156323426,USERS_REC_LISTS,SVD,SPECTRAL,LIN,CWS,VICIS_EMANON2,NDCG,SURROGATE,C@0.3,SVD-SPECTRAL-LIN-CWS-VICIS_EMANON2-NDCG-SURROGATE-C@0.3
0,1.8162726215011489,USER_PREF,SVD,SPECTRAL,LIN,CWS,VICIS_EMANON2,NDCG,SURROGATE,C@0.4,SVD-SPECTRAL-LIN-CWS-VICIS_EMANON2-NDCG-SURROGATE-C@0.4
1,3.940925877017407,USERS_CAND_ITEMS,SVD,SPECTRAL,LIN,CWS,VICIS_EMANON2,NDCG,SURROGATE,C@0.4,SVD-SPECTRAL-LIN-CWS-VICIS_EMANON2-NDCG-SURROGATE-C@0.4
2,2.2982160493496515,USERS_REC_LISTS,SVD,SPECTRAL,LIN,CWS,VICIS_EMANON2,NDCG,SURROGATE,C@0.4,SVD-SPECTRAL-LIN-CWS-VICIS_EMANON2-NDCG-SURROGATE-C@0.4
0,1.8178501579907556,USER_PREF,SVD,SPECTRAL,LIN,CWS,VICIS_EMANON2,NDCG,SURROGATE,C@0.5,SVD-SPECTRAL-LIN-CWS-VICIS_EMANON2-NDCG-SURROGATE-C@0.5
1,3.941995816572149,USERS_CAND_ITEMS,SVD,SPECTRAL,LIN,CWS,VICIS_EMANON2,NDCG,SURROGATE,C@0.5,SVD-SPECTRAL-LIN-CWS-VICIS_EMANON2-NDCG-SURROGATE-C@0.5
2,2.2971653504775325,USERS_REC_LISTS,SVD,SPECTRAL,LIN,CWS,VICIS_EMANON2,NDCG,SURROGATE,C@0.5,SVD-SPECTRAL-LIN-CWS-VICIS_EMANON2-NDCG-SURROGATE-C@0.5
0,1.817726409554845,USER_PREF,SVD,SPECTRAL,LIN,CWS,VICIS_EMANON2,NDCG,SURROGATE,C@0.6,SVD-SPECTRAL-LIN-CWS-VICIS_EMANON2-NDCG-SURROGATE-C@0.6
1,3.940925877017407,USERS_CAND_ITEMS,SVD,SPECTRAL,LIN,CWS,VICIS_EMANON2,NDCG,SURROGATE,C@0.6,SVD-SPECTRAL-LIN-CWS-VICIS_EMANON2-NDCG-SURROGATE-C@0.6
2,2.304579191726581,USERS_REC_LISTS,SVD,SPECTRAL,LIN,CWS,VICIS_EMANON2,NDCG,SURROGATE,C@0.6,SVD-SPECTRAL-LIN-CWS-VICIS_EMANON2-NDCG-SURROGATE-C@0.6
0,1.8178501579907556,USER_PREF,SVD,SPECTRAL,LIN,CWS,VICIS_EMANON2,NDCG,SURROGATE,C@0.7,SVD-SPECTRAL-LIN-CWS-VICIS_EMANON2-NDCG-SURROGATE-C@0.7
1,3.940925877017407,USERS_CAND_ITEMS,SVD,SPECTRAL,LIN,CWS,VICIS_EMANON2,NDCG,SURROGATE,C@0.7,SVD-SPECTRAL-LIN-CWS-VICIS_EMANON2-NDCG-SURROGATE-C@0.7
2,2.30469077782379,USERS_REC_LISTS,SVD,SPECTRAL,LIN,CWS,VICIS_EMANON2,NDCG,SURROGATE,C@0.7,SVD-SPECTRAL-LIN-CWS-VICIS_EMANON2-NDCG-SURROGATE-C@0.7
0,1.8162726215011489,USER_PREF,SVD,SPECTRAL,LIN,CWS,VICIS_EMANON2,NDCG,SURROGATE,C@0.8,SVD-SPECTRAL-LIN-CWS-VICIS_EMANON2-NDCG-SURROGATE-C@0.8
1,3.9408754818136136,USERS_CAND_ITEMS,SVD,SPECTRAL,LIN,CWS,VICIS_EMANON2,NDCG,SURROGATE,C@0.8,SVD-SPECTRAL-LIN-CWS-VICIS_EMANON2-NDCG-SURROGATE-C@0.8
2,2.31011042002268,USERS_REC_LISTS,SVD,SPECTRAL,LIN,CWS,VICIS_EMANON2,NDCG,SURROGATE,C@0.8,SVD-SPECTRAL-LIN-CWS-VICIS_EMANON2-NDCG-SURROGATE-C@0.8
0,1.8162726215011489,USER_PREF,SVD,SPECTRAL,LIN,CWS,VICIS_EMANON2,NDCG,SURROGATE,C@0.9,SVD-SPECTRAL-LIN-CWS-VICIS_EMANON2-NDCG-SURROGATE-C@0.9
1,3.942017045531354,USERS_CAND_ITEMS,SVD,SPECTRAL,LIN,CWS,VICIS_EMANON2,NDCG,SURROGATE,C@0.9,SVD-SPECTRAL-LIN-CWS-VICIS_EMANON2-NDCG-SURROGATE-C@0.9
2,2.298322700411512,USERS_REC_LISTS,SVD,SPECTRAL,LIN,CWS,VICIS_EMANON2,NDCG,SURROGATE,C@0.9,SVD-SPECTRAL-LIN-CWS-VICIS_EMANON2-NDCG-SURROGATE-C@0.9
0,1.8178501579907556,USER_PREF,SVD,SPECTRAL,LIN,CWS,VICIS_EMANON2,NDCG,SURROGATE,C@1.0,SVD-SPECTRAL-LIN-CWS-VICIS_EMANON2-NDCG-SURROGATE-C@1.0
1,3.940925877017407,USERS_CAND_ITEMS,SVD,SPECTRAL,LIN,CWS,VICIS_EMANON2,NDCG,SURROGATE,C@1.0,SVD-SPECTRAL-LIN-CWS-VICIS_EMANON2-NDCG-SURROGATE-C@1.0
2,2.289872157647061,USERS_REC_LISTS,SVD,SPECTRAL,LIN,CWS,VICIS_EMANON2,NDCG,SURROGATE,C@1.0,SVD-SPECTRAL-LIN-CWS-VICIS_EMANON2-NDCG-SURROGATE-C@1.0
0,1.892487436865369,USER_PREF,SVD,FCM,LIN,CWS,VICIS_EMANON2,NDCG,SURROGATE,VAR,SVD-FCM-LIN-CWS-VICIS_EMANON2-NDCG-SURROGATE-VAR
1,3.9199346780505855,USERS_CAND_ITEMS,SVD,FCM,LIN,CWS,VICIS_EMANON2,NDCG,SURROGATE,VAR,SVD-FCM-LIN-CWS-VICIS_EMANON2-NDCG-SURROGATE-VAR
2,2.3699392136415027,USERS_REC_LISTS,SVD,FCM,LIN,CWS,VICIS_EMANON2,NDCG,SURROGATE,VAR,SVD-FCM-LIN-CWS-VICIS_EMANON2-NDCG-SURROGATE-VAR
0,1.892487436865369,USER_PREF,SVD,FCM,LIN,CWS,VICIS_EMANON2,NDCG,SURROGATE,CGR,SVD-FCM-LIN-CWS-VICIS_EMANON2-NDCG-SURROGATE-CGR
1,4.011806906574932,USERS_CAND_ITEMS,SVD,FCM,LIN,CWS,VICIS_EMANON2,NDCG,SURROGATE,CGR,SVD-FCM-LIN-CWS-VICIS_EMANON2-NDCG-SURROGATE-CGR
2,2.359364343057897,USERS_REC_LISTS,SVD,FCM,LIN,CWS,VICIS_EMANON2,NDCG,SURROGATE,CGR,SVD-FCM-LIN-CWS-VICIS_EMANON2-NDCG-SURROGATE-CGR
0,1.892487436865369,USER_PREF,SVD,FCM,LIN,CWS,VICIS_EMANON2,NDCG,SURROGATE,C@0.0,SVD-FCM-LIN-CWS-VICIS_EMANON2-NDCG-SURROGATE-C@0.0
1,4.040835543521798,USERS_CAND_ITEMS,SVD,FCM,LIN,CWS,VICIS_EMANON2,NDCG,SURROGATE,C@0.0,SVD-FCM-LIN-CWS-VICIS_EMANON2-NDCG-SURROGATE-C@0.0
2,3.049189771223703,USERS_REC_LISTS,SVD,FCM,LIN,CWS,VICIS_EMANON2,NDCG,SURROGATE,C@0.0,SVD-FCM-LIN-CWS-VICIS_EMANON2-NDCG-SURROGATE-C@0.0
0,1.892487436865369,USER_PREF,SVD,FCM,LIN,CWS,VICIS_EMANON2,NDCG,SURROGATE,C@0.1,SVD-FCM-LIN-CWS-VICIS_EMANON2-NDCG-SURROGATE-C@0.1
1,3.975707141687341,USERS_CAND_ITEMS,SVD,FCM,LIN,CWS,VICIS_EMANON2,NDCG,SURROGATE,C@0.1,SVD-FCM-LIN-CWS-VICIS_EMANON2-NDCG-SURROGATE-C@0.1
2,2.403785637452015,USERS_REC_LISTS,SVD,FCM,LIN,CWS,VICIS_EMANON2,NDCG,SURROGATE,C@0.1,SVD-FCM-LIN-CWS-VICIS_EMANON2-NDCG-SURROGATE-C@0.1
0,1.892487436865369,USER_PREF,SVD,FCM,LIN,CWS,VICIS_EMANON2,NDCG,SURROGATE,C@0.2,SVD-FCM-LIN-CWS-VICIS_EMANON2-NDCG-SURROGATE-C@0.2
1,3.8888744593375577,USERS_CAND_ITEMS,SVD,FCM,LIN,CWS,VICIS_EMANON2,NDCG,SURROGATE,C@0.2,SVD-FCM-LIN-CWS-VICIS_EMANON2-NDCG-SURROGATE-C@0.2
2,2.396909438022638,USERS_REC_LISTS,SVD,FCM,LIN,CWS,VICIS_EMANON2,NDCG,SURROGATE,C@0.2,SVD-FCM-LIN-CWS-VICIS_EMANON2-NDCG-SURROGATE-C@0.2
0,1.892487436865369,USER_PREF,SVD,FCM,LIN,CWS,VICIS_EMANON2,NDCG,SURROGATE,C@0.3,SVD-FCM-LIN-CWS-VICIS_EMANON2-NDCG-SURROGATE-C@0.3
1,3.919882989097328,USERS_CAND_ITEMS,SVD,FCM,LIN,CWS,VICIS_EMANON2,NDCG,SURROGATE,C@0.3,SVD-FCM-LIN-CWS-VICIS_EMANON2-NDCG-SURROGATE-C@0.3
2,2.3773539997519806,USERS_REC_LISTS,SVD,FCM,LIN,CWS,VICIS_EMANON2,NDCG,SURROGATE,C@0.3,SVD-FCM-LIN-CWS-VICIS_EMANON2-NDCG-SURROGATE-C@0.3
0,1.892487436865369,USER_PREF,SVD,FCM,LIN,CWS,VICIS_EMANON2,NDCG,SURROGATE,C@0.4,SVD-FCM-LIN-CWS-VICIS_EMANON2-NDCG-SURROGATE-C@0.4
1,4.076587060634671,USERS_CAND_ITEMS,SVD,FCM,LIN,CWS,VICIS_EMANON2,NDCG,SURROGATE,C@0.4,SVD-FCM-LIN-CWS-VICIS_EMANON2-NDCG-SURROGATE-C@0.4
2,2.36764090315926,USERS_REC_LISTS,SVD,FCM,LIN,CWS,VICIS_EMANON2,NDCG,SURROGATE,C@0.4,SVD-FCM-LIN-CWS-VICIS_EMANON2-NDCG-SURROGATE-C@0.4
0,1.892487436865369,USER_PREF,SVD,FCM,LIN,CWS,VICIS_EMANON2,NDCG,SURROGATE,C@0.5,SVD-FCM-LIN-CWS-VICIS_EMANON2-NDCG-SURROGATE-C@0.5
1,4.149759080716921,USERS_CAND_ITEMS,SVD,FCM,LIN,CWS,VICIS_EMANON2,NDCG,SURROGATE,C@0.5,SVD-FCM-LIN-CWS-VICIS_EMANON2-NDCG-SURROGATE-C@0.5
2,2.365773989745504,USERS_REC_LISTS,SVD,FCM,LIN,CWS,VICIS_EMANON2,NDCG,SURROGATE,C@0.5,SVD-FCM-LIN-CWS-VICIS_EMANON2-NDCG-SURROGATE-C@0.5
0,1.892487436865369,USER_PREF,SVD,FCM,LIN,CWS,VICIS_EMANON2,NDCG,SURROGATE,C@0.6,SVD-FCM-LIN-CWS-VICIS_EMANON2-NDCG-SURROGATE-C@0.6
1,3.946579336619584,USERS_CAND_ITEMS,SVD,FCM,LIN,CWS,VICIS_EMANON2,NDCG,SURROGATE,C@0.6,SVD-FCM-LIN-CWS-VICIS_EMANON2-NDCG-SURROGATE-C@0.6
2,2.3699957316083338,USERS_REC_LISTS,SVD,FCM,LIN,CWS,VICIS_EMANON2,NDCG,SURROGATE,C@0.6,SVD-FCM-LIN-CWS-VICIS_EMANON2-NDCG-SURROGATE-C@0.6
0,1.892487436865369,USER_PREF,SVD,FCM,LIN,CWS,VICIS_EMANON2,NDCG,SURROGATE,C@0.7,SVD-FCM-LIN-CWS-VICIS_EMANON2-NDCG-SURROGATE-C@0.7
1,3.837133137332648,USERS_CAND_ITEMS,SVD,FCM,LIN,CWS,VICIS_EMANON2,NDCG,SURROGATE,C@0.7,SVD-FCM-LIN-CWS-VICIS_EMANON2-NDCG-SURROGATE-C@0.7
2,2.372656547547292,USERS_REC_LISTS,SVD,FCM,LIN,CWS,VICIS_EMANON2,NDCG,SURROGATE,C@0.7,SVD-FCM-LIN-CWS-VICIS_EMANON2-NDCG-SURROGATE-C@0.7
0,1.892487436865369,USER_PREF,SVD,FCM,LIN,CWS,VICIS_EMANON2,NDCG,SURROGATE,C@0.8,SVD-FCM-LIN-CWS-VICIS_EMANON2-NDCG-SURROGATE-C@0.8
1,4.060466602615767,USERS_CAND_ITEMS,SVD,FCM,LIN,CWS,VICIS_EMANON2,NDCG,SURROGATE,C@0.8,SVD-FCM-LIN-CWS-VICIS_EMANON2-NDCG-SURROGATE-C@0.8
2,2.3760998076006468,USERS_REC_LISTS,SVD,FCM,LIN,CWS,VICIS_EMANON2,NDCG,SURROGATE,C@0.8,SVD-FCM-LIN-CWS-VICIS_EMANON2-NDCG-SURROGATE-C@0.8
0,1.892487436865369,USER_PREF,SVD,FCM,LIN,CWS,VICIS_EMANON2,NDCG,SURROGATE,C@0.9,SVD-FCM-LIN-CWS-VICIS_EMANON2-NDCG-SURROGATE-C@0.9
1,3.929066598252108,USERS_CAND_ITEMS,SVD,FCM,LIN,CWS,VICIS_EMANON2,NDCG,SURROGATE,C@0.9,SVD-FCM-LIN-CWS-VICIS_EMANON2-NDCG-SURROGATE-C@0.9
2,2.3658379776890754,USERS_REC_LISTS,SVD,FCM,LIN,CWS,VICIS_EMANON2,NDCG,SURROGATE,C@0.9,SVD-FCM-LIN-CWS-VICIS_EMANON2-NDCG-SURROGATE-C@0.9
0,1.892487436865369,USER_PREF,SVD,FCM,LIN,CWS,VICIS_EMANON2,NDCG,SURROGATE,C@1.0,SVD-FCM-LIN-CWS-VICIS_EMANON2-NDCG-SURROGATE-C@1.0
1,3.919379267546137,USERS_CAND_ITEMS,SVD,FCM,LIN,CWS,VICIS_EMANON2,NDCG,SURROGATE,C@1.0,SVD-FCM-LIN-CWS-VICIS_EMANON2-NDCG-SURROGATE-C@1.0
2,2.359364343057897,USERS_REC_LISTS,SVD,FCM,LIN,CWS,VICIS_EMANON2,NDCG,SURROGATE,C@1.0,SVD-FCM-LIN-CWS-VICIS_EMANON2-NDCG-SURROGATE-C@1.0
0,1.9101401012764547,USER_PREF,SVD,BIRCH,LIN,CWS,VICIS_EMANON2,NDCG,SURROGATE,VAR,SVD-BIRCH-LIN-CWS-VICIS_EMANON2-NDCG-SURROGATE-VAR
1,4.831799972810321,USERS_CAND_ITEMS,SVD,BIRCH,LIN,CWS,VICIS_EMANON2,NDCG,SURROGATE,VAR,SVD-BIRCH-LIN-CWS-VICIS_EMANON2-NDCG-SURROGATE-VAR
2,3.3706019837153383,USERS_REC_LISTS,SVD,BIRCH,LIN,CWS,VICIS_EMANON2,NDCG,SURROGATE,VAR,SVD-BIRCH-LIN-CWS-VICIS_EMANON2-NDCG-SURROGATE-VAR
0,1.9101401012764547,USER_PREF,SVD,BIRCH,LIN,CWS,VICIS_EMANON2,NDCG,SURROGATE,CGR,SVD-BIRCH-LIN-CWS-VICIS_EMANON2-NDCG-SURROGATE-CGR
1,4.831799972810321,USERS_CAND_ITEMS,SVD,BIRCH,LIN,CWS,VICIS_EMANON2,NDCG,SURROGATE,CGR,SVD-BIRCH-LIN-CWS-VICIS_EMANON2-NDCG-SURROGATE-CGR
2,2.481869225927033,USERS_REC_LISTS,SVD,BIRCH,LIN,CWS,VICIS_EMANON2,NDCG,SURROGATE,CGR,SVD-BIRCH-LIN-CWS-VICIS_EMANON2-NDCG-SURROGATE-CGR
0,1.9101401012764547,USER_PREF,SVD,BIRCH,LIN,CWS,VICIS_EMANON2,NDCG,SURROGATE,C@0.0,SVD-BIRCH-LIN-CWS-VICIS_EMANON2-NDCG-SURROGATE-C@0.0
1,4.831799972810321,USERS_CAND_ITEMS,SVD,BIRCH,LIN,CWS,VICIS_EMANON2,NDCG,SURROGATE,C@0.0,SVD-BIRCH-LIN-CWS-VICIS_EMANON2-NDCG-SURROGATE-C@0.0
2,3.048660835665077,USERS_REC_LISTS,SVD,BIRCH,LIN,CWS,VICIS_EMANON2,NDCG,SURROGATE,C@0.0,SVD-BIRCH-LIN-CWS-VICIS_EMANON2-NDCG-SURROGATE-C@0.0
0,1.9101401012764547,USER_PREF,SVD,BIRCH,LIN,CWS,VICIS_EMANON2,NDCG,SURROGATE,C@0.1,SVD-BIRCH-LIN-CWS-VICIS_EMANON2-NDCG-SURROGATE-C@0.1
1,4.831799972810321,USERS_CAND_ITEMS,SVD,BIRCH,LIN,CWS,VICIS_EMANON2,NDCG,SURROGATE,C@0.1,SVD-BIRCH-LIN-CWS-VICIS_EMANON2-NDCG-SURROGATE-C@0.1
2,2.557509195176821,USERS_REC_LISTS,SVD,BIRCH,LIN,CWS,VICIS_EMANON2,NDCG,SURROGATE,C@0.1,SVD-BIRCH-LIN-CWS-VICIS_EMANON2-NDCG-SURROGATE-C@0.1
0,1.9101401012764547,USER_PREF,SVD,BIRCH,LIN,CWS,VICIS_EMANON2,NDCG,SURROGATE,C@0.2,SVD-BIRCH-LIN-CWS-VICIS_EMANON2-NDCG-SURROGATE-C@0.2
1,4.831799972810321,USERS_CAND_ITEMS,SVD,BIRCH,LIN,CWS,VICIS_EMANON2,NDCG,SURROGATE,C@0.2,SVD-BIRCH-LIN-CWS-VICIS_EMANON2-NDCG-SURROGATE-C@0.2
2,3.0375614879229698,USERS_REC_LISTS,SVD,BIRCH,LIN,CWS,VICIS_EMANON2,NDCG,SURROGATE,C@0.2,SVD-BIRCH-LIN-CWS-VICIS_EMANON2-NDCG-SURROGATE-C@0.2
0,1.9101401012764547,USER_PREF,SVD,BIRCH,LIN,CWS,VICIS_EMANON2,NDCG,SURROGATE,C@0.3,SVD-BIRCH-LIN-CWS-VICIS_EMANON2-NDCG-SURROGATE-C@0.3
1,4.831799972810321,USERS_CAND_ITEMS,SVD,BIRCH,LIN,CWS,VICIS_EMANON2,NDCG,SURROGATE,C@0.3,SVD-BIRCH-LIN-CWS-VICIS_EMANON2-NDCG-SURROGATE-C@0.3
2,2.569411681764948,USERS_REC_LISTS,SVD,BIRCH,LIN,CWS,VICIS_EMANON2,NDCG,SURROGATE,C@0.3,SVD-BIRCH-LIN-CWS-VICIS_EMANON2-NDCG-SURROGATE-C@0.3
0,1.9101401012764547,USER_PREF,SVD,BIRCH,LIN,CWS,VICIS_EMANON2,NDCG,SURROGATE,C@0.4,SVD-BIRCH-LIN-CWS-VICIS_EMANON2-NDCG-SURROGATE-C@0.4
1,4.831799972810321,USERS_CAND_ITEMS,SVD,BIRCH,LIN,CWS,VICIS_EMANON2,NDCG,SURROGATE,C@0.4,SVD-BIRCH-LIN-CWS-VICIS_EMANON2-NDCG-SURROGATE-C@0.4
2,2.9780134263861813,USERS_REC_LISTS,SVD,BIRCH,LIN,CWS,VICIS_EMANON2,NDCG,SURROGATE,C@0.4,SVD-BIRCH-LIN-CWS-VICIS_EMANON2-NDCG-SURROGATE-C@0.4
0,1.9101401012764547,USER_PREF,SVD,BIRCH,LIN,CWS,VICIS_EMANON2,NDCG,SURROGATE,C@0.5,SVD-BIRCH-LIN-CWS-VICIS_EMANON2-NDCG-SURROGATE-C@0.5
1,4.831799972810321,USERS_CAND_ITEMS,SVD,BIRCH,LIN,CWS,VICIS_EMANON2,NDCG,SURROGATE,C@0.5,SVD-BIRCH-LIN-CWS-VICIS_EMANON2-NDCG-SURROGATE-C@0.5
2,2.621420828178519,USERS_REC_LISTS,SVD,BIRCH,LIN,CWS,VICIS_EMANON2,NDCG,SURROGATE,C@0.5,SVD-BIRCH-LIN-CWS-VICIS_EMANON2-NDCG-SURROGATE-C@0.5
0,1.9101401012764547,USER_PREF,SVD,BIRCH,LIN,CWS,VICIS_EMANON2,NDCG,SURROGATE,C@0.6,SVD-BIRCH-LIN-CWS-VICIS_EMANON2-NDCG-SURROGATE-C@0.6
1,4.831799972810321,USERS_CAND_ITEMS,SVD,BIRCH,LIN,CWS,VICIS_EMANON2,NDCG,SURROGATE,C@0.6,SVD-BIRCH-LIN-CWS-VICIS_EMANON2-NDCG-SURROGATE-C@0.6
2,3.030124161058008,USERS_REC_LISTS,SVD,BIRCH,LIN,CWS,VICIS_EMANON2,NDCG,SURROGATE,C@0.6,SVD-BIRCH-LIN-CWS-VICIS_EMANON2-NDCG-SURROGATE-C@0.6
0,1.9101401012764547,USER_PREF,SVD,BIRCH,LIN,CWS,VICIS_EMANON2,NDCG,SURROGATE,C@0.7,SVD-BIRCH-LIN-CWS-VICIS_EMANON2-NDCG-SURROGATE-C@0.7
1,4.831799972810321,USERS_CAND_ITEMS,SVD,BIRCH,LIN,CWS,VICIS_EMANON2,NDCG,SURROGATE,C@0.7,SVD-BIRCH-LIN-CWS-VICIS_EMANON2-NDCG-SURROGATE-C@0.7
2,2.6405101190712403,USERS_REC_LISTS,SVD,BIRCH,LIN,CWS,VICIS_EMANON2,NDCG,SURROGATE,C@0.7,SVD-BIRCH-LIN-CWS-VICIS_EMANON2-NDCG-SURROGATE-C@0.7
0,1.9101401012764547,USER_PREF,SVD,BIRCH,LIN,CWS,VICIS_EMANON2,NDCG,SURROGATE,C@0.8,SVD-BIRCH-LIN-CWS-VICIS_EMANON2-NDCG-SURROGATE-C@0.8
1,4.831799972810321,USERS_CAND_ITEMS,SVD,BIRCH,LIN,CWS,VICIS_EMANON2,NDCG,SURROGATE,C@0.8,SVD-BIRCH-LIN-CWS-VICIS_EMANON2-NDCG-SURROGATE-C@0.8
2,2.513415208243045,USERS_REC_LISTS,SVD,BIRCH,LIN,CWS,VICIS_EMANON2,NDCG,SURROGATE,C@0.8,SVD-BIRCH-LIN-CWS-VICIS_EMANON2-NDCG-SURROGATE-C@0.8
0,1.9101401012764547,USER_PREF,SVD,BIRCH,LIN,CWS,VICIS_EMANON2,NDCG,SURROGATE,C@0.9,SVD-BIRCH-LIN-CWS-VICIS_EMANON2-NDCG-SURROGATE-C@0.9
1,4.831799972810321,USERS_CAND_ITEMS,SVD,BIRCH,LIN,CWS,VICIS_EMANON2,NDCG,SURROGATE,C@0.9,SVD-BIRCH-LIN-CWS-VICIS_EMANON2-NDCG-SURROGATE-C@0.9
2,2.682472152969241,USERS_REC_LISTS,SVD,BIRCH,LIN,CWS,VICIS_EMANON2,NDCG,SURROGATE,C@0.9,SVD-BIRCH-LIN-CWS-VICIS_EMANON2-NDCG-SURROGATE-C@0.9
0,1.9101401012764547,USER_PREF,SVD,BIRCH,LIN,CWS,VICIS_EMANON2,NDCG,SURROGATE,C@1.0,SVD-BIRCH-LIN-CWS-VICIS_EMANON2-NDCG-SURROGATE-C@1.0
1,4.831799972810321,USERS_CAND_ITEMS,SVD,BIRCH,LIN,CWS,VICIS_EMANON2,NDCG,SURROGATE,C@1.0,SVD-BIRCH-LIN-CWS-VICIS_EMANON2-NDCG-SURROGATE-C@1.0
2,2.481869225927033,USERS_REC_LISTS,SVD,BIRCH,LIN,CWS,VICIS_EMANON2,NDCG,SURROGATE,C@1.0,SVD-BIRCH-LIN-CWS-VICIS_EMANON2-NDCG-SURROGATE-C@1.0
0,2.173748023995407,USER_PREF,SVD,GAUSSIAN,LIN,CWS,VICIS_EMANON2,NDCG,SURROGATE,VAR,SVD-GAUSSIAN-LIN-CWS-VICIS_EMANON2-NDCG-SURROGATE-VAR
1,5.140974666123986,USERS_CAND_ITEMS,SVD,GAUSSIAN,LIN,CWS,VICIS_EMANON2,NDCG,SURROGATE,VAR,SVD-GAUSSIAN-LIN-CWS-VICIS_EMANON2-NDCG-SURROGATE-VAR
2,2.412906175096191,USERS_REC_LISTS,SVD,GAUSSIAN,LIN,CWS,VICIS_EMANON2,NDCG,SURROGATE,VAR,SVD-GAUSSIAN-LIN-CWS-VICIS_EMANON2-NDCG-SURROGATE-VAR
0,6.93508023939891,USER_PREF,SVD,GAUSSIAN,LIN,CWS,VICIS_EMANON2,NDCG,SURROGATE,CGR,SVD-GAUSSIAN-LIN-CWS-VICIS_EMANON2-NDCG-SURROGATE-CGR
1,5.330693933936028,USERS_CAND_ITEMS,SVD,GAUSSIAN,LIN,CWS,VICIS_EMANON2,NDCG,SURROGATE,CGR,SVD-GAUSSIAN-LIN-CWS-VICIS_EMANON2-NDCG-SURROGATE-CGR
2,3.0145982192210075,USERS_REC_LISTS,SVD,GAUSSIAN,LIN,CWS,VICIS_EMANON2,NDCG,SURROGATE,CGR,SVD-GAUSSIAN-LIN-CWS-VICIS_EMANON2-NDCG-SURROGATE-CGR
0,1.4643470174651867,USER_PREF,SVD,GAUSSIAN,LIN,CWS,VICIS_EMANON2,NDCG,SURROGATE,C@0.0,SVD-GAUSSIAN-LIN-CWS-VICIS_EMANON2-NDCG-SURROGATE-C@0.0
1,5.9220960232485576,USERS_CAND_ITEMS,SVD,GAUSSIAN,LIN,CWS,VICIS_EMANON2,NDCG,SURROGATE,C@0.0,SVD-GAUSSIAN-LIN-CWS-VICIS_EMANON2-NDCG-SURROGATE-C@0.0
2,5.34349771142555,USERS_REC_LISTS,SVD,GAUSSIAN,LIN,CWS,VICIS_EMANON2,NDCG,SURROGATE,C@0.0,SVD-GAUSSIAN-LIN-CWS-VICIS_EMANON2-NDCG-SURROGATE-C@0.0
0,3.564716130129421,USER_PREF,SVD,GAUSSIAN,LIN,CWS,VICIS_EMANON2,NDCG,SURROGATE,C@0.1,SVD-GAUSSIAN-LIN-CWS-VICIS_EMANON2-NDCG-SURROGATE-C@0.1
1,4.0531245550904975,USERS_CAND_ITEMS,SVD,GAUSSIAN,LIN,CWS,VICIS_EMANON2,NDCG,SURROGATE,C@0.1,SVD-GAUSSIAN-LIN-CWS-VICIS_EMANON2-NDCG-SURROGATE-C@0.1
2,3.8537520031860137,USERS_REC_LISTS,SVD,GAUSSIAN,LIN,CWS,VICIS_EMANON2,NDCG,SURROGATE,C@0.1,SVD-GAUSSIAN-LIN-CWS-VICIS_EMANON2-NDCG-SURROGATE-C@0.1
0,3.5664919093858405,USER_PREF,SVD,GAUSSIAN,LIN,CWS,VICIS_EMANON2,NDCG,SURROGATE,C@0.2,SVD-GAUSSIAN-LIN-CWS-VICIS_EMANON2-NDCG-SURROGATE-C@0.2
1,6.774183743683705,USERS_CAND_ITEMS,SVD,GAUSSIAN,LIN,CWS,VICIS_EMANON2,NDCG,SURROGATE,C@0.2,SVD-GAUSSIAN-LIN-CWS-VICIS_EMANON2-NDCG-SURROGATE-C@0.2
2,4.373676123105154,USERS_REC_LISTS,SVD,GAUSSIAN,LIN,CWS,VICIS_EMANON2,NDCG,SURROGATE,C@0.2,SVD-GAUSSIAN-LIN-CWS-VICIS_EMANON2-NDCG-SURROGATE-C@0.2
0,6.313539601699907,USER_PREF,SVD,GAUSSIAN,LIN,CWS,VICIS_EMANON2,NDCG,SURROGATE,C@0.3,SVD-GAUSSIAN-LIN-CWS-VICIS_EMANON2-NDCG-SURROGATE-C@0.3
1,5.330693933936028,USERS_CAND_ITEMS,SVD,GAUSSIAN,LIN,CWS,VICIS_EMANON2,NDCG,SURROGATE,C@0.3,SVD-GAUSSIAN-LIN-CWS-VICIS_EMANON2-NDCG-SURROGATE-C@0.3
2,4.173530614740431,USERS_REC_LISTS,SVD,GAUSSIAN,LIN,CWS,VICIS_EMANON2,NDCG,SURROGATE,C@0.3,SVD-GAUSSIAN-LIN-CWS-VICIS_EMANON2-NDCG-SURROGATE-C@0.3
0,2.3223106155887936,USER_PREF,SVD,GAUSSIAN,LIN,CWS,VICIS_EMANON2,NDCG,SURROGATE,C@0.4,SVD-GAUSSIAN-LIN-CWS-VICIS_EMANON2-NDCG-SURROGATE-C@0.4
1,6.774183743683705,USERS_CAND_ITEMS,SVD,GAUSSIAN,LIN,CWS,VICIS_EMANON2,NDCG,SURROGATE,C@0.4,SVD-GAUSSIAN-LIN-CWS-VICIS_EMANON2-NDCG-SURROGATE-C@0.4
2,3.7830155621920207,USERS_REC_LISTS,SVD,GAUSSIAN,LIN,CWS,VICIS_EMANON2,NDCG,SURROGATE,C@0.4,SVD-GAUSSIAN-LIN-CWS-VICIS_EMANON2-NDCG-SURROGATE-C@0.4
0,3.569131132220529,USER_PREF,SVD,GAUSSIAN,LIN,CWS,VICIS_EMANON2,NDCG,SURROGATE,C@0.5,SVD-GAUSSIAN-LIN-CWS-VICIS_EMANON2-NDCG-SURROGATE-C@0.5
1,5.355841887956167,USERS_CAND_ITEMS,SVD,GAUSSIAN,LIN,CWS,VICIS_EMANON2,NDCG,SURROGATE,C@0.5,SVD-GAUSSIAN-LIN-CWS-VICIS_EMANON2-NDCG-SURROGATE-C@0.5
2,4.754452970953939,USERS_REC_LISTS,SVD,GAUSSIAN,LIN,CWS,VICIS_EMANON2,NDCG,SURROGATE,C@0.5,SVD-GAUSSIAN-LIN-CWS-VICIS_EMANON2-NDCG-SURROGATE-C@0.5
0,3.5673377670245148,USER_PREF,SVD,GAUSSIAN,LIN,CWS,VICIS_EMANON2,NDCG,SURROGATE,C@0.6,SVD-GAUSSIAN-LIN-CWS-VICIS_EMANON2-NDCG-SURROGATE-C@0.6
1,5.355841887956167,USERS_CAND_ITEMS,SVD,GAUSSIAN,LIN,CWS,VICIS_EMANON2,NDCG,SURROGATE,C@0.6,SVD-GAUSSIAN-LIN-CWS-VICIS_EMANON2-NDCG-SURROGATE-C@0.6
2,2.388480777119849,USERS_REC_LISTS,SVD,GAUSSIAN,LIN,CWS,VICIS_EMANON2,NDCG,SURROGATE,C@0.6,SVD-GAUSSIAN-LIN-CWS-VICIS_EMANON2-NDCG-SURROGATE-C@0.6
0,3.5664919093858405,USER_PREF,SVD,GAUSSIAN,LIN,CWS,VICIS_EMANON2,NDCG,SURROGATE,C@0.7,SVD-GAUSSIAN-LIN-CWS-VICIS_EMANON2-NDCG-SURROGATE-C@0.7
1,3.868036005320229,USERS_CAND_ITEMS,SVD,GAUSSIAN,LIN,CWS,VICIS_EMANON2,NDCG,SURROGATE,C@0.7,SVD-GAUSSIAN-LIN-CWS-VICIS_EMANON2-NDCG-SURROGATE-C@0.7
2,3.781091850167999,USERS_REC_LISTS,SVD,GAUSSIAN,LIN,CWS,VICIS_EMANON2,NDCG,SURROGATE,C@0.7,SVD-GAUSSIAN-LIN-CWS-VICIS_EMANON2-NDCG-SURROGATE-C@0.7
0,3.5673377670245148,USER_PREF,SVD,GAUSSIAN,LIN,CWS,VICIS_EMANON2,NDCG,SURROGATE,C@0.8,SVD-GAUSSIAN-LIN-CWS-VICIS_EMANON2-NDCG-SURROGATE-C@0.8
1,4.0531245550904975,USERS_CAND_ITEMS,SVD,GAUSSIAN,LIN,CWS,VICIS_EMANON2,NDCG,SURROGATE,C@0.8,SVD-GAUSSIAN-LIN-CWS-VICIS_EMANON2-NDCG-SURROGATE-C@0.8
2,4.767145875134249,USERS_REC_LISTS,SVD,GAUSSIAN,LIN,CWS,VICIS_EMANON2,NDCG,SURROGATE,C@0.8,SVD-GAUSSIAN-LIN-CWS-VICIS_EMANON2-NDCG-SURROGATE-C@0.8
0,3.5664919093858405,USER_PREF,SVD,GAUSSIAN,LIN,CWS,VICIS_EMANON2,NDCG,SURROGATE,C@0.9,SVD-GAUSSIAN-LIN-CWS-VICIS_EMANON2-NDCG-SURROGATE-C@0.9
1,5.935591039349231,USERS_CAND_ITEMS,SVD,GAUSSIAN,LIN,CWS,VICIS_EMANON2,NDCG,SURROGATE,C@0.9,SVD-GAUSSIAN-LIN-CWS-VICIS_EMANON2-NDCG-SURROGATE-C@0.9
2,2.385473581310129,USERS_REC_LISTS,SVD,GAUSSIAN,LIN,CWS,VICIS_EMANON2,NDCG,SURROGATE,C@0.9,SVD-GAUSSIAN-LIN-CWS-VICIS_EMANON2-NDCG-SURROGATE-C@0.9
0,2.1745837503945395,USER_PREF,SVD,GAUSSIAN,LIN,CWS,VICIS_EMANON2,NDCG,SURROGATE,C@1.0,SVD-GAUSSIAN-LIN-CWS-VICIS_EMANON2-NDCG-SURROGATE-C@1.0
1,5.330693933936028,USERS_CAND_ITEMS,SVD,GAUSSIAN,LIN,CWS,VICIS_EMANON2,NDCG,SURROGATE,C@1.0,SVD-GAUSSIAN-LIN-CWS-VICIS_EMANON2-NDCG-SURROGATE-C@1.0
2,3.285175909459538,USERS_REC_LISTS,SVD,GAUSSIAN,LIN,CWS,VICIS_EMANON2,NDCG,SURROGATE,C@1.0,SVD-GAUSSIAN-LIN-CWS-VICIS_EMANON2-NDCG-SURROGATE-C@1.0
0,3.367884490441328,USER_PREF,SVD,BAYESIAN,LIN,CWS,VICIS_EMANON2,NDCG,SURROGATE,VAR,SVD-BAYESIAN-LIN-CWS-VICIS_EMANON2-NDCG-SURROGATE-VAR
1,3.472018518589385,USERS_CAND_ITEMS,SVD,BAYESIAN,LIN,CWS,VICIS_EMANON2,NDCG,SURROGATE,VAR,SVD-BAYESIAN-LIN-CWS-VICIS_EMANON2-NDCG-SURROGATE-VAR
2,3.3157394769670767,USERS_REC_LISTS,SVD,BAYESIAN,LIN,CWS,VICIS_EMANON2,NDCG,SURROGATE,VAR,SVD-BAYESIAN-LIN-CWS-VICIS_EMANON2-NDCG-SURROGATE-VAR
0,3.5399092853662526,USER_PREF,SVD,BAYESIAN,LIN,CWS,VICIS_EMANON2,NDCG,SURROGATE,CGR,SVD-BAYESIAN-LIN-CWS-VICIS_EMANON2-NDCG-SURROGATE-CGR
1,3.2909668666113974,USERS_CAND_ITEMS,SVD,BAYESIAN,LIN,CWS,VICIS_EMANON2,NDCG,SURROGATE,CGR,SVD-BAYESIAN-LIN-CWS-VICIS_EMANON2-NDCG-SURROGATE-CGR
2,2.981732157461133,USERS_REC_LISTS,SVD,BAYESIAN,LIN,CWS,VICIS_EMANON2,NDCG,SURROGATE,CGR,SVD-BAYESIAN-LIN-CWS-VICIS_EMANON2-NDCG-SURROGATE-CGR
0,3.5934057044922083,USER_PREF,SVD,BAYESIAN,LIN,CWS,VICIS_EMANON2,NDCG,SURROGATE,C@0.0,SVD-BAYESIAN-LIN-CWS-VICIS_EMANON2-NDCG-SURROGATE-C@0.0
1,3.656623369988948,USERS_CAND_ITEMS,SVD,BAYESIAN,LIN,CWS,VICIS_EMANON2,NDCG,SURROGATE,C@0.0,SVD-BAYESIAN-LIN-CWS-VICIS_EMANON2-NDCG-SURROGATE-C@0.0
2,3.742544816570974,USERS_REC_LISTS,SVD,BAYESIAN,LIN,CWS,VICIS_EMANON2,NDCG,SURROGATE,C@0.0,SVD-BAYESIAN-LIN-CWS-VICIS_EMANON2-NDCG-SURROGATE-C@0.0
0,3.1989688219313552,USER_PREF,SVD,BAYESIAN,LIN,CWS,VICIS_EMANON2,NDCG,SURROGATE,C@0.1,SVD-BAYESIAN-LIN-CWS-VICIS_EMANON2-NDCG-SURROGATE-C@0.1
1,3.743577097619151,USERS_CAND_ITEMS,SVD,BAYESIAN,LIN,CWS,VICIS_EMANON2,NDCG,SURROGATE,C@0.1,SVD-BAYESIAN-LIN-CWS-VICIS_EMANON2-NDCG-SURROGATE-C@0.1
2,3.2243201371683954,USERS_REC_LISTS,SVD,BAYESIAN,LIN,CWS,VICIS_EMANON2,NDCG,SURROGATE,C@0.1,SVD-BAYESIAN-LIN-CWS-VICIS_EMANON2-NDCG-SURROGATE-C@0.1
0,3.39699503245163,USER_PREF,SVD,BAYESIAN,LIN,CWS,VICIS_EMANON2,NDCG,SURROGATE,C@0.2,SVD-BAYESIAN-LIN-CWS-VICIS_EMANON2-NDCG-SURROGATE-C@0.2
1,3.4356378011369646,USERS_CAND_ITEMS,SVD,BAYESIAN,LIN,CWS,VICIS_EMANON2,NDCG,SURROGATE,C@0.2,SVD-BAYESIAN-LIN-CWS-VICIS_EMANON2-NDCG-SURROGATE-C@0.2
2,2.882750131868702,USERS_REC_LISTS,SVD,BAYESIAN,LIN,CWS,VICIS_EMANON2,NDCG,SURROGATE,C@0.2,SVD-BAYESIAN-LIN-CWS-VICIS_EMANON2-NDCG-SURROGATE-C@0.2
0,3.284730053865897,USER_PREF,SVD,BAYESIAN,LIN,CWS,VICIS_EMANON2,NDCG,SURROGATE,C@0.3,SVD-BAYESIAN-LIN-CWS-VICIS_EMANON2-NDCG-SURROGATE-C@0.3
1,3.7961926895926137,USERS_CAND_ITEMS,SVD,BAYESIAN,LIN,CWS,VICIS_EMANON2,NDCG,SURROGATE,C@0.3,SVD-BAYESIAN-LIN-CWS-VICIS_EMANON2-NDCG-SURROGATE-C@0.3
2,2.990671364821896,USERS_REC_LISTS,SVD,BAYESIAN,LIN,CWS,VICIS_EMANON2,NDCG,SURROGATE,C@0.3,SVD-BAYESIAN-LIN-CWS-VICIS_EMANON2-NDCG-SURROGATE-C@0.3
0,3.43900093390485,USER_PREF,SVD,BAYESIAN,LIN,CWS,VICIS_EMANON2,NDCG,SURROGATE,C@0.4,SVD-BAYESIAN-LIN-CWS-VICIS_EMANON2-NDCG-SURROGATE-C@0.4
1,3.126190102154172,USERS_CAND_ITEMS,SVD,BAYESIAN,LIN,CWS,VICIS_EMANON2,NDCG,SURROGATE,C@0.4,SVD-BAYESIAN-LIN-CWS-VICIS_EMANON2-NDCG-SURROGATE-C@0.4
2,2.9263966584992853,USERS_REC_LISTS,SVD,BAYESIAN,LIN,CWS,VICIS_EMANON2,NDCG,SURROGATE,C@0.4,SVD-BAYESIAN-LIN-CWS-VICIS_EMANON2-NDCG-SURROGATE-C@0.4
0,3.250638328189321,USER_PREF,SVD,BAYESIAN,LIN,CWS,VICIS_EMANON2,NDCG,SURROGATE,C@0.5,SVD-BAYESIAN-LIN-CWS-VICIS_EMANON2-NDCG-SURROGATE-C@0.5
1,3.488438590658899,USERS_CAND_ITEMS,SVD,BAYESIAN,LIN,CWS,VICIS_EMANON2,NDCG,SURROGATE,C@0.5,SVD-BAYESIAN-LIN-CWS-VICIS_EMANON2-NDCG-SURROGATE-C@0.5
2,3.0719648502351675,USERS_REC_LISTS,SVD,BAYESIAN,LIN,CWS,VICIS_EMANON2,NDCG,SURROGATE,C@0.5,SVD-BAYESIAN-LIN-CWS-VICIS_EMANON2-NDCG-SURROGATE-C@0.5
0,3.3635316496421046,USER_PREF,SVD,BAYESIAN,LIN,CWS,VICIS_EMANON2,NDCG,SURROGATE,C@0.6,SVD-BAYESIAN-LIN-CWS-VICIS_EMANON2-NDCG-SURROGATE-C@0.6
1,3.648415121006673,USERS_CAND_ITEMS,SVD,BAYESIAN,LIN,CWS,VICIS_EMANON2,NDCG,SURROGATE,C@0.6,SVD-BAYESIAN-LIN-CWS-VICIS_EMANON2-NDCG-SURROGATE-C@0.6
2,3.131875769796068,USERS_REC_LISTS,SVD,BAYESIAN,LIN,CWS,VICIS_EMANON2,NDCG,SURROGATE,C@0.6,SVD-BAYESIAN-LIN-CWS-VICIS_EMANON2-NDCG-SURROGATE-C@0.6
0,3.213561568132428,USER_PREF,SVD,BAYESIAN,LIN,CWS,VICIS_EMANON2,NDCG,SURROGATE,C@0.7,SVD-BAYESIAN-LIN-CWS-VICIS_EMANON2-NDCG-SURROGATE-C@0.7
1,3.54296659616769,USERS_CAND_ITEMS,SVD,BAYESIAN,LIN,CWS,VICIS_EMANON2,NDCG,SURROGATE,C@0.7,SVD-BAYESIAN-LIN-CWS-VICIS_EMANON2-NDCG-SURROGATE-C@0.7
2,2.777715477892598,USERS_REC_LISTS,SVD,BAYESIAN,LIN,CWS,VICIS_EMANON2,NDCG,SURROGATE,C@0.7,SVD-BAYESIAN-LIN-CWS-VICIS_EMANON2-NDCG-SURROGATE-C@0.7
0,3.4438299120761644,USER_PREF,SVD,BAYESIAN,LIN,CWS,VICIS_EMANON2,NDCG,SURROGATE,C@0.8,SVD-BAYESIAN-LIN-CWS-VICIS_EMANON2-NDCG-SURROGATE-C@0.8
1,3.403016854059643,USERS_CAND_ITEMS,SVD,BAYESIAN,LIN,CWS,VICIS_EMANON2,NDCG,SURROGATE,C@0.8,SVD-BAYESIAN-LIN-CWS-VICIS_EMANON2-NDCG-SURROGATE-C@0.8
2,2.9967036446987936,USERS_REC_LISTS,SVD,BAYESIAN,LIN,CWS,VICIS_EMANON2,NDCG,SURROGATE,C@0.8,SVD-BAYESIAN-LIN-CWS-VICIS_EMANON2-NDCG-SURROGATE-C@0.8
0,3.5111124527630264,USER_PREF,SVD,BAYESIAN,LIN,CWS,VICIS_EMANON2,NDCG,SURROGATE,C@0.9,SVD-BAYESIAN-LIN-CWS-VICIS_EMANON2-NDCG-SURROGATE-C@0.9
1,3.472123175811066,USERS_CAND_ITEMS,SVD,BAYESIAN,LIN,CWS,VICIS_EMANON2,NDCG,SURROGATE,C@0.9,SVD-BAYESIAN-LIN-CWS-VICIS_EMANON2-NDCG-SURROGATE-C@0.9
2,2.881413168318234,USERS_REC_LISTS,SVD,BAYESIAN,LIN,CWS,VICIS_EMANON2,NDCG,SURROGATE,C@0.9,SVD-BAYESIAN-LIN-CWS-VICIS_EMANON2-NDCG-SURROGATE-C@0.9
0,3.45115163374202,USER_PREF,SVD,BAYESIAN,LIN,CWS,VICIS_EMANON2,NDCG,SURROGATE,C@1.0,SVD-BAYESIAN-LIN-CWS-VICIS_EMANON2-NDCG-SURROGATE-C@1.0
1,3.657182377867884,USERS_CAND_ITEMS,SVD,BAYESIAN,LIN,CWS,VICIS_EMANON2,NDCG,SURROGATE,C@1.0,SVD-BAYESIAN-LIN-CWS-VICIS_EMANON2-NDCG-SURROGATE-C@1.0
2,2.837478995187817,USERS_REC_LISTS,SVD,BAYESIAN,LIN,CWS,VICIS_EMANON2,NDCG,SURROGATE,C@1.0,SVD-BAYESIAN-LIN-CWS-VICIS_EMANON2-NDCG-SURROGATE-C@1.0
0,5.1943534187253135,USER_PREF,SVD,IF,LIN,CWS,VICIS_EMANON2,NDCG,SURROGATE,VAR,SVD-IF-LIN-CWS-VICIS_EMANON2-NDCG-SURROGATE-VAR
1,7.551542518091812,USERS_CAND_ITEMS,SVD,IF,LIN,CWS,VICIS_EMANON2,NDCG,SURROGATE,VAR,SVD-IF-LIN-CWS-VICIS_EMANON2-NDCG-SURROGATE-VAR
2,5.78606658344258,USERS_REC_LISTS,SVD,IF,LIN,CWS,VICIS_EMANON2,NDCG,SURROGATE,VAR,SVD-IF-LIN-CWS-VICIS_EMANON2-NDCG-SURROGATE-VAR
0,5.458969161023491,USER_PREF,SVD,IF,LIN,CWS,VICIS_EMANON2,NDCG,SURROGATE,CGR,SVD-IF-LIN-CWS-VICIS_EMANON2-NDCG-SURROGATE-CGR
1,7.575097720722886,USERS_CAND_ITEMS,SVD,IF,LIN,CWS,VICIS_EMANON2,NDCG,SURROGATE,CGR,SVD-IF-LIN-CWS-VICIS_EMANON2-NDCG-SURROGATE-CGR
2,5.493877302792045,USERS_REC_LISTS,SVD,IF,LIN,CWS,VICIS_EMANON2,NDCG,SURROGATE,CGR,SVD-IF-LIN-CWS-VICIS_EMANON2-NDCG-SURROGATE-CGR
0,5.344379465130622,USER_PREF,SVD,IF,LIN,CWS,VICIS_EMANON2,NDCG,SURROGATE,C@0.0,SVD-IF-LIN-CWS-VICIS_EMANON2-NDCG-SURROGATE-C@0.0
1,7.021138340369596,USERS_CAND_ITEMS,SVD,IF,LIN,CWS,VICIS_EMANON2,NDCG,SURROGATE,C@0.0,SVD-IF-LIN-CWS-VICIS_EMANON2-NDCG-SURROGATE-C@0.0
2,7.0837139022131606,USERS_REC_LISTS,SVD,IF,LIN,CWS,VICIS_EMANON2,NDCG,SURROGATE,C@0.0,SVD-IF-LIN-CWS-VICIS_EMANON2-NDCG-SURROGATE-C@0.0
0,4.813809592380605,USER_PREF,SVD,IF,LIN,CWS,VICIS_EMANON2,NDCG,SURROGATE,C@0.1,SVD-IF-LIN-CWS-VICIS_EMANON2-NDCG-SURROGATE-C@0.1
1,7.605394794044021,USERS_CAND_ITEMS,SVD,IF,LIN,CWS,VICIS_EMANON2,NDCG,SURROGATE,C@0.1,SVD-IF-LIN-CWS-VICIS_EMANON2-NDCG-SURROGATE-C@0.1
2,5.489473196031359,USERS_REC_LISTS,SVD,IF,LIN,CWS,VICIS_EMANON2,NDCG,SURROGATE,C@0.1,SVD-IF-LIN-CWS-VICIS_EMANON2-NDCG-SURROGATE-C@0.1
0,4.9115937707850605,USER_PREF,SVD,IF,LIN,CWS,VICIS_EMANON2,NDCG,SURROGATE,C@0.2,SVD-IF-LIN-CWS-VICIS_EMANON2-NDCG-SURROGATE-C@0.2
1,7.78108193982362,USERS_CAND_ITEMS,SVD,IF,LIN,CWS,VICIS_EMANON2,NDCG,SURROGATE,C@0.2,SVD-IF-LIN-CWS-VICIS_EMANON2-NDCG-SURROGATE-C@0.2
2,5.705976025172708,USERS_REC_LISTS,SVD,IF,LIN,CWS,VICIS_EMANON2,NDCG,SURROGATE,C@0.2,SVD-IF-LIN-CWS-VICIS_EMANON2-NDCG-SURROGATE-C@0.2
0,4.953608156534697,USER_PREF,SVD,IF,LIN,CWS,VICIS_EMANON2,NDCG,SURROGATE,C@0.3,SVD-IF-LIN-CWS-VICIS_EMANON2-NDCG-SURROGATE-C@0.3
1,7.7379538792452625,USERS_CAND_ITEMS,SVD,IF,LIN,CWS,VICIS_EMANON2,NDCG,SURROGATE,C@0.3,SVD-IF-LIN-CWS-VICIS_EMANON2-NDCG-SURROGATE-C@0.3
2,5.036515842958432,USERS_REC_LISTS,SVD,IF,LIN,CWS,VICIS_EMANON2,NDCG,SURROGATE,C@0.3,SVD-IF-LIN-CWS-VICIS_EMANON2-NDCG-SURROGATE-C@0.3
0,5.299586309856136,USER_PREF,SVD,IF,LIN,CWS,VICIS_EMANON2,NDCG,SURROGATE,C@0.4,SVD-IF-LIN-CWS-VICIS_EMANON2-NDCG-SURROGATE-C@0.4
1,7.766356679075308,USERS_CAND_ITEMS,SVD,IF,LIN,CWS,VICIS_EMANON2,NDCG,SURROGATE,C@0.4,SVD-IF-LIN-CWS-VICIS_EMANON2-NDCG-SURROGATE-C@0.4
2,5.731394245549264,USERS_REC_LISTS,SVD,IF,LIN,CWS,VICIS_EMANON2,NDCG,SURROGATE,C@0.4,SVD-IF-LIN-CWS-VICIS_EMANON2-NDCG-SURROGATE-C@0.4
0,5.316030784635588,USER_PREF,SVD,IF,LIN,CWS,VICIS_EMANON2,NDCG,SURROGATE,C@0.5,SVD-IF-LIN-CWS-VICIS_EMANON2-NDCG-SURROGATE-C@0.5
1,7.741868367261493,USERS_CAND_ITEMS,SVD,IF,LIN,CWS,VICIS_EMANON2,NDCG,SURROGATE,C@0.5,SVD-IF-LIN-CWS-VICIS_EMANON2-NDCG-SURROGATE-C@0.5
2,5.288625667811663,USERS_REC_LISTS,SVD,IF,LIN,CWS,VICIS_EMANON2,NDCG,SURROGATE,C@0.5,SVD-IF-LIN-CWS-VICIS_EMANON2-NDCG-SURROGATE-C@0.5
0,5.470430852130383,USER_PREF,SVD,IF,LIN,CWS,VICIS_EMANON2,NDCG,SURROGATE,C@0.6,SVD-IF-LIN-CWS-VICIS_EMANON2-NDCG-SURROGATE-C@0.6
1,7.078147378955152,USERS_CAND_ITEMS,SVD,IF,LIN,CWS,VICIS_EMANON2,NDCG,SURROGATE,C@0.6,SVD-IF-LIN-CWS-VICIS_EMANON2-NDCG-SURROGATE-C@0.6
2,5.462163430238227,USERS_REC_LISTS,SVD,IF,LIN,CWS,VICIS_EMANON2,NDCG,SURROGATE,C@0.6,SVD-IF-LIN-CWS-VICIS_EMANON2-NDCG-SURROGATE-C@0.6
0,5.269980190023415,USER_PREF,SVD,IF,LIN,CWS,VICIS_EMANON2,NDCG,SURROGATE,C@0.7,SVD-IF-LIN-CWS-VICIS_EMANON2-NDCG-SURROGATE-C@0.7
1,7.683071476536223,USERS_CAND_ITEMS,SVD,IF,LIN,CWS,VICIS_EMANON2,NDCG,SURROGATE,C@0.7,SVD-IF-LIN-CWS-VICIS_EMANON2-NDCG-SURROGATE-C@0.7
2,4.830537272362528,USERS_REC_LISTS,SVD,IF,LIN,CWS,VICIS_EMANON2,NDCG,SURROGATE,C@0.7,SVD-IF-LIN-CWS-VICIS_EMANON2-NDCG-SURROGATE-C@0.7
0,5.250974932224812,USER_PREF,SVD,IF,LIN,CWS,VICIS_EMANON2,NDCG,SURROGATE,C@0.8,SVD-IF-LIN-CWS-VICIS_EMANON2-NDCG-SURROGATE-C@0.8
1,7.823290661705997,USERS_CAND_ITEMS,SVD,IF,LIN,CWS,VICIS_EMANON2,NDCG,SURROGATE,C@0.8,SVD-IF-LIN-CWS-VICIS_EMANON2-NDCG-SURROGATE-C@0.8
2,5.0583274451819005,USERS_REC_LISTS,SVD,IF,LIN,CWS,VICIS_EMANON2,NDCG,SURROGATE,C@0.8,SVD-IF-LIN-CWS-VICIS_EMANON2-NDCG-SURROGATE-C@0.8
0,5.301165971001427,USER_PREF,SVD,IF,LIN,CWS,VICIS_EMANON2,NDCG,SURROGATE,C@0.9,SVD-IF-LIN-CWS-VICIS_EMANON2-NDCG-SURROGATE-C@0.9
1,7.634925219463344,USERS_CAND_ITEMS,SVD,IF,LIN,CWS,VICIS_EMANON2,NDCG,SURROGATE,C@0.9,SVD-IF-LIN-CWS-VICIS_EMANON2-NDCG-SURROGATE-C@0.9
2,4.9836090087706975,USERS_REC_LISTS,SVD,IF,LIN,CWS,VICIS_EMANON2,NDCG,SURROGATE,C@0.9,SVD-IF-LIN-CWS-VICIS_EMANON2-NDCG-SURROGATE-C@0.9
0,5.199622023081875,USER_PREF,SVD,IF,LIN,CWS,VICIS_EMANON2,NDCG,SURROGATE,C@1.0,SVD-IF-LIN-CWS-VICIS_EMANON2-NDCG-SURROGATE-C@1.0
1,7.343872395449458,USERS_CAND_ITEMS,SVD,IF,LIN,CWS,VICIS_EMANON2,NDCG,SURROGATE,C@1.0,SVD-IF-LIN-CWS-VICIS_EMANON2-NDCG-SURROGATE-C@1.0
2,4.873169474654443,USERS_REC_LISTS,SVD,IF,LIN,CWS,VICIS_EMANON2,NDCG,SURROGATE,C@1.0,SVD-IF-LIN-CWS-VICIS_EMANON2-NDCG-SURROGATE-C@1.0
0,5.332502143382047,USER_PREF,SVD,LOF,LIN,CWS,VICIS_EMANON2,NDCG,SURROGATE,VAR,SVD-LOF-LIN-CWS-VICIS_EMANON2-NDCG-SURROGATE-VAR
1,4.513156061707788,USERS_CAND_ITEMS,SVD,LOF,LIN,CWS,VICIS_EMANON2,NDCG,SURROGATE,VAR,SVD-LOF-LIN-CWS-VICIS_EMANON2-NDCG-SURROGATE-VAR
2,2.795451826172056,USERS_REC_LISTS,SVD,LOF,LIN,CWS,VICIS_EMANON2,NDCG,SURROGATE,VAR,SVD-LOF-LIN-CWS-VICIS_EMANON2-NDCG-SURROGATE-VAR
0,5.332502143382047,USER_PREF,SVD,LOF,LIN,CWS,VICIS_EMANON2,NDCG,SURROGATE,CGR,SVD-LOF-LIN-CWS-VICIS_EMANON2-NDCG-SURROGATE-CGR
1,4.513156061707788,USERS_CAND_ITEMS,SVD,LOF,LIN,CWS,VICIS_EMANON2,NDCG,SURROGATE,CGR,SVD-LOF-LIN-CWS-VICIS_EMANON2-NDCG-SURROGATE-CGR
2,2.409505725273382,USERS_REC_LISTS,SVD,LOF,LIN,CWS,VICIS_EMANON2,NDCG,SURROGATE,CGR,SVD-LOF-LIN-CWS-VICIS_EMANON2-NDCG-SURROGATE-CGR
0,5.332502143382047,USER_PREF,SVD,LOF,LIN,CWS,VICIS_EMANON2,NDCG,SURROGATE,C@0.0,SVD-LOF-LIN-CWS-VICIS_EMANON2-NDCG-SURROGATE-C@0.0
1,4.513156061707788,USERS_CAND_ITEMS,SVD,LOF,LIN,CWS,VICIS_EMANON2,NDCG,SURROGATE,C@0.0,SVD-LOF-LIN-CWS-VICIS_EMANON2-NDCG-SURROGATE-C@0.0
2,5.288763879202968,USERS_REC_LISTS,SVD,LOF,LIN,CWS,VICIS_EMANON2,NDCG,SURROGATE,C@0.0,SVD-LOF-LIN-CWS-VICIS_EMANON2-NDCG-SURROGATE-C@0.0
0,5.332502143382047,USER_PREF,SVD,LOF,LIN,CWS,VICIS_EMANON2,NDCG,SURROGATE,C@0.1,SVD-LOF-LIN-CWS-VICIS_EMANON2-NDCG-SURROGATE-C@0.1
1,4.513156061707788,USERS_CAND_ITEMS,SVD,LOF,LIN,CWS,VICIS_EMANON2,NDCG,SURROGATE,C@0.1,SVD-LOF-LIN-CWS-VICIS_EMANON2-NDCG-SURROGATE-C@0.1
2,3.644264790545391,USERS_REC_LISTS,SVD,LOF,LIN,CWS,VICIS_EMANON2,NDCG,SURROGATE,C@0.1,SVD-LOF-LIN-CWS-VICIS_EMANON2-NDCG-SURROGATE-C@0.1
0,5.332502143382047,USER_PREF,SVD,LOF,LIN,CWS,VICIS_EMANON2,NDCG,SURROGATE,C@0.2,SVD-LOF-LIN-CWS-VICIS_EMANON2-NDCG-SURROGATE-C@0.2
1,4.513156061707788,USERS_CAND_ITEMS,SVD,LOF,LIN,CWS,VICIS_EMANON2,NDCG,SURROGATE,C@0.2,SVD-LOF-LIN-CWS-VICIS_EMANON2-NDCG-SURROGATE-C@0.2
2,3.377800748192216,USERS_REC_LISTS,SVD,LOF,LIN,CWS,VICIS_EMANON2,NDCG,SURROGATE,C@0.2,SVD-LOF-LIN-CWS-VICIS_EMANON2-NDCG-SURROGATE-C@0.2
0,5.332502143382047,USER_PREF,SVD,LOF,LIN,CWS,VICIS_EMANON2,NDCG,SURROGATE,C@0.3,SVD-LOF-LIN-CWS-VICIS_EMANON2-NDCG-SURROGATE-C@0.3
1,4.513156061707788,USERS_CAND_ITEMS,SVD,LOF,LIN,CWS,VICIS_EMANON2,NDCG,SURROGATE,C@0.3,SVD-LOF-LIN-CWS-VICIS_EMANON2-NDCG-SURROGATE-C@0.3
2,3.274003856680989,USERS_REC_LISTS,SVD,LOF,LIN,CWS,VICIS_EMANON2,NDCG,SURROGATE,C@0.3,SVD-LOF-LIN-CWS-VICIS_EMANON2-NDCG-SURROGATE-C@0.3
0,5.332502143382047,USER_PREF,SVD,LOF,LIN,CWS,VICIS_EMANON2,NDCG,SURROGATE,C@0.4,SVD-LOF-LIN-CWS-VICIS_EMANON2-NDCG-SURROGATE-C@0.4
1,4.513156061707788,USERS_CAND_ITEMS,SVD,LOF,LIN,CWS,VICIS_EMANON2,NDCG,SURROGATE,C@0.4,SVD-LOF-LIN-CWS-VICIS_EMANON2-NDCG-SURROGATE-C@0.4
2,3.276510905060426,USERS_REC_LISTS,SVD,LOF,LIN,CWS,VICIS_EMANON2,NDCG,SURROGATE,C@0.4,SVD-LOF-LIN-CWS-VICIS_EMANON2-NDCG-SURROGATE-C@0.4
0,5.332502143382047,USER_PREF,SVD,LOF,LIN,CWS,VICIS_EMANON2,NDCG,SURROGATE,C@0.5,SVD-LOF-LIN-CWS-VICIS_EMANON2-NDCG-SURROGATE-C@0.5
1,4.513156061707788,USERS_CAND_ITEMS,SVD,LOF,LIN,CWS,VICIS_EMANON2,NDCG,SURROGATE,C@0.5,SVD-LOF-LIN-CWS-VICIS_EMANON2-NDCG-SURROGATE-C@0.5
2,2.905374798753499,USERS_REC_LISTS,SVD,LOF,LIN,CWS,VICIS_EMANON2,NDCG,SURROGATE,C@0.5,SVD-LOF-LIN-CWS-VICIS_EMANON2-NDCG-SURROGATE-C@0.5
0,5.332502143382047,USER_PREF,SVD,LOF,LIN,CWS,VICIS_EMANON2,NDCG,SURROGATE,C@0.6,SVD-LOF-LIN-CWS-VICIS_EMANON2-NDCG-SURROGATE-C@0.6
1,4.513156061707788,USERS_CAND_ITEMS,SVD,LOF,LIN,CWS,VICIS_EMANON2,NDCG,SURROGATE,C@0.6,SVD-LOF-LIN-CWS-VICIS_EMANON2-NDCG-SURROGATE-C@0.6
2,3.205061482062917,USERS_REC_LISTS,SVD,LOF,LIN,CWS,VICIS_EMANON2,NDCG,SURROGATE,C@0.6,SVD-LOF-LIN-CWS-VICIS_EMANON2-NDCG-SURROGATE-C@0.6
0,5.332502143382047,USER_PREF,SVD,LOF,LIN,CWS,VICIS_EMANON2,NDCG,SURROGATE,C@0.7,SVD-LOF-LIN-CWS-VICIS_EMANON2-NDCG-SURROGATE-C@0.7
1,4.513156061707788,USERS_CAND_ITEMS,SVD,LOF,LIN,CWS,VICIS_EMANON2,NDCG,SURROGATE,C@0.7,SVD-LOF-LIN-CWS-VICIS_EMANON2-NDCG-SURROGATE-C@0.7
2,2.773604387407551,USERS_REC_LISTS,SVD,LOF,LIN,CWS,VICIS_EMANON2,NDCG,SURROGATE,C@0.7,SVD-LOF-LIN-CWS-VICIS_EMANON2-NDCG-SURROGATE-C@0.7
0,5.332502143382047,USER_PREF,SVD,LOF,LIN,CWS,VICIS_EMANON2,NDCG,SURROGATE,C@0.8,SVD-LOF-LIN-CWS-VICIS_EMANON2-NDCG-SURROGATE-C@0.8
1,4.513156061707788,USERS_CAND_ITEMS,SVD,LOF,LIN,CWS,VICIS_EMANON2,NDCG,SURROGATE,C@0.8,SVD-LOF-LIN-CWS-VICIS_EMANON2-NDCG-SURROGATE-C@0.8
2,2.7730245976351413,USERS_REC_LISTS,SVD,LOF,LIN,CWS,VICIS_EMANON2,NDCG,SURROGATE,C@0.8,SVD-LOF-LIN-CWS-VICIS_EMANON2-NDCG-SURROGATE-C@0.8
0,5.332502143382047,USER_PREF,SVD,LOF,LIN,CWS,VICIS_EMANON2,NDCG,SURROGATE,C@0.9,SVD-LOF-LIN-CWS-VICIS_EMANON2-NDCG-SURROGATE-C@0.9
1,4.513156061707788,USERS_CAND_ITEMS,SVD,LOF,LIN,CWS,VICIS_EMANON2,NDCG,SURROGATE,C@0.9,SVD-LOF-LIN-CWS-VICIS_EMANON2-NDCG-SURROGATE-C@0.9
2,2.77493236087573,USERS_REC_LISTS,SVD,LOF,LIN,CWS,VICIS_EMANON2,NDCG,SURROGATE,C@0.9,SVD-LOF-LIN-CWS-VICIS_EMANON2-NDCG-SURROGATE-C@0.9
0,5.332502143382047,USER_PREF,SVD,LOF,LIN,CWS,VICIS_EMANON2,NDCG,SURROGATE,C@1.0,SVD-LOF-LIN-CWS-VICIS_EMANON2-NDCG-SURROGATE-C@1.0
1,4.513156061707788,USERS_CAND_ITEMS,SVD,LOF,LIN,CWS,VICIS_EMANON2,NDCG,SURROGATE,C@1.0,SVD-LOF-LIN-CWS-VICIS_EMANON2-NDCG-SURROGATE-C@1.0
2,2.409505725273382,USERS_REC_LISTS,SVD,LOF,LIN,CWS,VICIS_EMANON2,NDCG,SURROGATE,C@1.0,SVD-LOF-LIN-CWS-VICIS_EMANON2-NDCG-SURROGATE-C@1.0
0,1.500941453245157,USER_PREF,SVD,OPTICS,LIN,CWS,VICIS_EMANON2,NDCG,SURROGATE,VAR,SVD-OPTICS-LIN-CWS-VICIS_EMANON2-NDCG-SURROGATE-VAR
1,1.766242562872266,USERS_CAND_ITEMS,SVD,OPTICS,LIN,CWS,VICIS_EMANON2,NDCG,SURROGATE,VAR,SVD-OPTICS-LIN-CWS-VICIS_EMANON2-NDCG-SURROGATE-VAR
2,1.3322424122790877,USERS_REC_LISTS,SVD,OPTICS,LIN,CWS,VICIS_EMANON2,NDCG,SURROGATE,VAR,SVD-OPTICS-LIN-CWS-VICIS_EMANON2-NDCG-SURROGATE-VAR
0,1.500941453245157,USER_PREF,SVD,OPTICS,LIN,CWS,VICIS_EMANON2,NDCG,SURROGATE,CGR,SVD-OPTICS-LIN-CWS-VICIS_EMANON2-NDCG-SURROGATE-CGR
1,1.766242562872266,USERS_CAND_ITEMS,SVD,OPTICS,LIN,CWS,VICIS_EMANON2,NDCG,SURROGATE,CGR,SVD-OPTICS-LIN-CWS-VICIS_EMANON2-NDCG-SURROGATE-CGR
2,1.342419546803761,USERS_REC_LISTS,SVD,OPTICS,LIN,CWS,VICIS_EMANON2,NDCG,SURROGATE,CGR,SVD-OPTICS-LIN-CWS-VICIS_EMANON2-NDCG-SURROGATE-CGR
0,1.500941453245157,USER_PREF,SVD,OPTICS,LIN,CWS,VICIS_EMANON2,NDCG,SURROGATE,C@0.0,SVD-OPTICS-LIN-CWS-VICIS_EMANON2-NDCG-SURROGATE-C@0.0
1,1.766242562872266,USERS_CAND_ITEMS,SVD,OPTICS,LIN,CWS,VICIS_EMANON2,NDCG,SURROGATE,C@0.0,SVD-OPTICS-LIN-CWS-VICIS_EMANON2-NDCG-SURROGATE-C@0.0
2,1.499942662396173,USERS_REC_LISTS,SVD,OPTICS,LIN,CWS,VICIS_EMANON2,NDCG,SURROGATE,C@0.0,SVD-OPTICS-LIN-CWS-VICIS_EMANON2-NDCG-SURROGATE-C@0.0
0,1.500941453245157,USER_PREF,SVD,OPTICS,LIN,CWS,VICIS_EMANON2,NDCG,SURROGATE,C@0.1,SVD-OPTICS-LIN-CWS-VICIS_EMANON2-NDCG-SURROGATE-C@0.1
1,1.766242562872266,USERS_CAND_ITEMS,SVD,OPTICS,LIN,CWS,VICIS_EMANON2,NDCG,SURROGATE,C@0.1,SVD-OPTICS-LIN-CWS-VICIS_EMANON2-NDCG-SURROGATE-C@0.1
2,1.3263512333117773,USERS_REC_LISTS,SVD,OPTICS,LIN,CWS,VICIS_EMANON2,NDCG,SURROGATE,C@0.1,SVD-OPTICS-LIN-CWS-VICIS_EMANON2-NDCG-SURROGATE-C@0.1
0,1.500941453245157,USER_PREF,SVD,OPTICS,LIN,CWS,VICIS_EMANON2,NDCG,SURROGATE,C@0.2,SVD-OPTICS-LIN-CWS-VICIS_EMANON2-NDCG-SURROGATE-C@0.2
1,1.766242562872266,USERS_CAND_ITEMS,SVD,OPTICS,LIN,CWS,VICIS_EMANON2,NDCG,SURROGATE,C@0.2,SVD-OPTICS-LIN-CWS-VICIS_EMANON2-NDCG-SURROGATE-C@0.2
2,1.346294654253759,USERS_REC_LISTS,SVD,OPTICS,LIN,CWS,VICIS_EMANON2,NDCG,SURROGATE,C@0.2,SVD-OPTICS-LIN-CWS-VICIS_EMANON2-NDCG-SURROGATE-C@0.2
0,1.500941453245157,USER_PREF,SVD,OPTICS,LIN,CWS,VICIS_EMANON2,NDCG,SURROGATE,C@0.3,SVD-OPTICS-LIN-CWS-VICIS_EMANON2-NDCG-SURROGATE-C@0.3
1,1.766242562872266,USERS_CAND_ITEMS,SVD,OPTICS,LIN,CWS,VICIS_EMANON2,NDCG,SURROGATE,C@0.3,SVD-OPTICS-LIN-CWS-VICIS_EMANON2-NDCG-SURROGATE-C@0.3
2,1.317942075633088,USERS_REC_LISTS,SVD,OPTICS,LIN,CWS,VICIS_EMANON2,NDCG,SURROGATE,C@0.3,SVD-OPTICS-LIN-CWS-VICIS_EMANON2-NDCG-SURROGATE-C@0.3
0,1.500941453245157,USER_PREF,SVD,OPTICS,LIN,CWS,VICIS_EMANON2,NDCG,SURROGATE,C@0.4,SVD-OPTICS-LIN-CWS-VICIS_EMANON2-NDCG-SURROGATE-C@0.4
1,1.766242562872266,USERS_CAND_ITEMS,SVD,OPTICS,LIN,CWS,VICIS_EMANON2,NDCG,SURROGATE,C@0.4,SVD-OPTICS-LIN-CWS-VICIS_EMANON2-NDCG-SURROGATE-C@0.4
2,1.321122863228284,USERS_REC_LISTS,SVD,OPTICS,LIN,CWS,VICIS_EMANON2,NDCG,SURROGATE,C@0.4,SVD-OPTICS-LIN-CWS-VICIS_EMANON2-NDCG-SURROGATE-C@0.4
0,1.500941453245157,USER_PREF,SVD,OPTICS,LIN,CWS,VICIS_EMANON2,NDCG,SURROGATE,C@0.5,SVD-OPTICS-LIN-CWS-VICIS_EMANON2-NDCG-SURROGATE-C@0.5
1,1.766242562872266,USERS_CAND_ITEMS,SVD,OPTICS,LIN,CWS,VICIS_EMANON2,NDCG,SURROGATE,C@0.5,SVD-OPTICS-LIN-CWS-VICIS_EMANON2-NDCG-SURROGATE-C@0.5
2,1.3334881758148125,USERS_REC_LISTS,SVD,OPTICS,LIN,CWS,VICIS_EMANON2,NDCG,SURROGATE,C@0.5,SVD-OPTICS-LIN-CWS-VICIS_EMANON2-NDCG-SURROGATE-C@0.5
0,1.500941453245157,USER_PREF,SVD,OPTICS,LIN,CWS,VICIS_EMANON2,NDCG,SURROGATE,C@0.6,SVD-OPTICS-LIN-CWS-VICIS_EMANON2-NDCG-SURROGATE-C@0.6
1,1.766242562872266,USERS_CAND_ITEMS,SVD,OPTICS,LIN,CWS,VICIS_EMANON2,NDCG,SURROGATE,C@0.6,SVD-OPTICS-LIN-CWS-VICIS_EMANON2-NDCG-SURROGATE-C@0.6
2,1.3301749885382563,USERS_REC_LISTS,SVD,OPTICS,LIN,CWS,VICIS_EMANON2,NDCG,SURROGATE,C@0.6,SVD-OPTICS-LIN-CWS-VICIS_EMANON2-NDCG-SURROGATE-C@0.6
0,1.500941453245157,USER_PREF,SVD,OPTICS,LIN,CWS,VICIS_EMANON2,NDCG,SURROGATE,C@0.7,SVD-OPTICS-LIN-CWS-VICIS_EMANON2-NDCG-SURROGATE-C@0.7
1,1.766242562872266,USERS_CAND_ITEMS,SVD,OPTICS,LIN,CWS,VICIS_EMANON2,NDCG,SURROGATE,C@0.7,SVD-OPTICS-LIN-CWS-VICIS_EMANON2-NDCG-SURROGATE-C@0.7
2,1.342524442634777,USERS_REC_LISTS,SVD,OPTICS,LIN,CWS,VICIS_EMANON2,NDCG,SURROGATE,C@0.7,SVD-OPTICS-LIN-CWS-VICIS_EMANON2-NDCG-SURROGATE-C@0.7
0,1.500941453245157,USER_PREF,SVD,OPTICS,LIN,CWS,VICIS_EMANON2,NDCG,SURROGATE,C@0.8,SVD-OPTICS-LIN-CWS-VICIS_EMANON2-NDCG-SURROGATE-C@0.8
1,1.766242562872266,USERS_CAND_ITEMS,SVD,OPTICS,LIN,CWS,VICIS_EMANON2,NDCG,SURROGATE,C@0.8,SVD-OPTICS-LIN-CWS-VICIS_EMANON2-NDCG-SURROGATE-C@0.8
2,1.337409328306359,USERS_REC_LISTS,SVD,OPTICS,LIN,CWS,VICIS_EMANON2,NDCG,SURROGATE,C@0.8,SVD-OPTICS-LIN-CWS-VICIS_EMANON2-NDCG-SURROGATE-C@0.8
0,1.500941453245157,USER_PREF,SVD,OPTICS,LIN,CWS,VICIS_EMANON2,NDCG,SURROGATE,C@0.9,SVD-OPTICS-LIN-CWS-VICIS_EMANON2-NDCG-SURROGATE-C@0.9
1,1.766242562872266,USERS_CAND_ITEMS,SVD,OPTICS,LIN,CWS,VICIS_EMANON2,NDCG,SURROGATE,C@0.9,SVD-OPTICS-LIN-CWS-VICIS_EMANON2-NDCG-SURROGATE-C@0.9
2,1.3232607139024544,USERS_REC_LISTS,SVD,OPTICS,LIN,CWS,VICIS_EMANON2,NDCG,SURROGATE,C@0.9,SVD-OPTICS-LIN-CWS-VICIS_EMANON2-NDCG-SURROGATE-C@0.9
0,1.500941453245157,USER_PREF,SVD,OPTICS,LIN,CWS,VICIS_EMANON2,NDCG,SURROGATE,C@1.0,SVD-OPTICS-LIN-CWS-VICIS_EMANON2-NDCG-SURROGATE-C@1.0
1,1.766242562872266,USERS_CAND_ITEMS,SVD,OPTICS,LIN,CWS,VICIS_EMANON2,NDCG,SURROGATE,C@1.0,SVD-OPTICS-LIN-CWS-VICIS_EMANON2-NDCG-SURROGATE-C@1.0
2,1.342419546803761,USERS_REC_LISTS,SVD,OPTICS,LIN,CWS,VICIS_EMANON2,NDCG,SURROGATE,C@1.0,SVD-OPTICS-LIN-CWS-VICIS_EMANON2-NDCG-SURROGATE-C@1.0
0,1.592329613618611,USER_PREF,SVD,DBSCAN,LIN,CWS,VICIS_EMANON2,NDCG,SURROGATE,VAR,SVD-DBSCAN-LIN-CWS-VICIS_EMANON2-NDCG-SURROGATE-VAR
1,1.382040939090993,USERS_CAND_ITEMS,SVD,DBSCAN,LIN,CWS,VICIS_EMANON2,NDCG,SURROGATE,VAR,SVD-DBSCAN-LIN-CWS-VICIS_EMANON2-NDCG-SURROGATE-VAR
2,1.2763971923617834,USERS_REC_LISTS,SVD,DBSCAN,LIN,CWS,VICIS_EMANON2,NDCG,SURROGATE,VAR,SVD-DBSCAN-LIN-CWS-VICIS_EMANON2-NDCG-SURROGATE-VAR
0,1.592329613618611,USER_PREF,SVD,DBSCAN,LIN,CWS,VICIS_EMANON2,NDCG,SURROGATE,CGR,SVD-DBSCAN-LIN-CWS-VICIS_EMANON2-NDCG-SURROGATE-CGR
1,1.382040939090993,USERS_CAND_ITEMS,SVD,DBSCAN,LIN,CWS,VICIS_EMANON2,NDCG,SURROGATE,CGR,SVD-DBSCAN-LIN-CWS-VICIS_EMANON2-NDCG-SURROGATE-CGR
2,1.2437707249340508,USERS_REC_LISTS,SVD,DBSCAN,LIN,CWS,VICIS_EMANON2,NDCG,SURROGATE,CGR,SVD-DBSCAN-LIN-CWS-VICIS_EMANON2-NDCG-SURROGATE-CGR
0,1.592329613618611,USER_PREF,SVD,DBSCAN,LIN,CWS,VICIS_EMANON2,NDCG,SURROGATE,C@0.0,SVD-DBSCAN-LIN-CWS-VICIS_EMANON2-NDCG-SURROGATE-C@0.0
1,1.382040939090993,USERS_CAND_ITEMS,SVD,DBSCAN,LIN,CWS,VICIS_EMANON2,NDCG,SURROGATE,C@0.0,SVD-DBSCAN-LIN-CWS-VICIS_EMANON2-NDCG-SURROGATE-C@0.0
2,1.2994149347259047,USERS_REC_LISTS,SVD,DBSCAN,LIN,CWS,VICIS_EMANON2,NDCG,SURROGATE,C@0.0,SVD-DBSCAN-LIN-CWS-VICIS_EMANON2-NDCG-SURROGATE-C@0.0
0,1.592329613618611,USER_PREF,SVD,DBSCAN,LIN,CWS,VICIS_EMANON2,NDCG,SURROGATE,C@0.1,SVD-DBSCAN-LIN-CWS-VICIS_EMANON2-NDCG-SURROGATE-C@0.1
1,1.382040939090993,USERS_CAND_ITEMS,SVD,DBSCAN,LIN,CWS,VICIS_EMANON2,NDCG,SURROGATE,C@0.1,SVD-DBSCAN-LIN-CWS-VICIS_EMANON2-NDCG-SURROGATE-C@0.1
2,1.2831063105788445,USERS_REC_LISTS,SVD,DBSCAN,LIN,CWS,VICIS_EMANON2,NDCG,SURROGATE,C@0.1,SVD-DBSCAN-LIN-CWS-VICIS_EMANON2-NDCG-SURROGATE-C@0.1
0,1.592329613618611,USER_PREF,SVD,DBSCAN,LIN,CWS,VICIS_EMANON2,NDCG,SURROGATE,C@0.2,SVD-DBSCAN-LIN-CWS-VICIS_EMANON2-NDCG-SURROGATE-C@0.2
1,1.382040939090993,USERS_CAND_ITEMS,SVD,DBSCAN,LIN,CWS,VICIS_EMANON2,NDCG,SURROGATE,C@0.2,SVD-DBSCAN-LIN-CWS-VICIS_EMANON2-NDCG-SURROGATE-C@0.2
2,1.2893195880687378,USERS_REC_LISTS,SVD,DBSCAN,LIN,CWS,VICIS_EMANON2,NDCG,SURROGATE,C@0.2,SVD-DBSCAN-LIN-CWS-VICIS_EMANON2-NDCG-SURROGATE-C@0.2
0,1.592329613618611,USER_PREF,SVD,DBSCAN,LIN,CWS,VICIS_EMANON2,NDCG,SURROGATE,C@0.3,SVD-DBSCAN-LIN-CWS-VICIS_EMANON2-NDCG-SURROGATE-C@0.3
1,1.382040939090993,USERS_CAND_ITEMS,SVD,DBSCAN,LIN,CWS,VICIS_EMANON2,NDCG,SURROGATE,C@0.3,SVD-DBSCAN-LIN-CWS-VICIS_EMANON2-NDCG-SURROGATE-C@0.3
2,1.2890458343924946,USERS_REC_LISTS,SVD,DBSCAN,LIN,CWS,VICIS_EMANON2,NDCG,SURROGATE,C@0.3,SVD-DBSCAN-LIN-CWS-VICIS_EMANON2-NDCG-SURROGATE-C@0.3
0,1.592329613618611,USER_PREF,SVD,DBSCAN,LIN,CWS,VICIS_EMANON2,NDCG,SURROGATE,C@0.4,SVD-DBSCAN-LIN-CWS-VICIS_EMANON2-NDCG-SURROGATE-C@0.4
1,1.382040939090993,USERS_CAND_ITEMS,SVD,DBSCAN,LIN,CWS,VICIS_EMANON2,NDCG,SURROGATE,C@0.4,SVD-DBSCAN-LIN-CWS-VICIS_EMANON2-NDCG-SURROGATE-C@0.4
2,1.2591980886604237,USERS_REC_LISTS,SVD,DBSCAN,LIN,CWS,VICIS_EMANON2,NDCG,SURROGATE,C@0.4,SVD-DBSCAN-LIN-CWS-VICIS_EMANON2-NDCG-SURROGATE-C@0.4
0,1.592329613618611,USER_PREF,SVD,DBSCAN,LIN,CWS,VICIS_EMANON2,NDCG,SURROGATE,C@0.5,SVD-DBSCAN-LIN-CWS-VICIS_EMANON2-NDCG-SURROGATE-C@0.5
1,1.382040939090993,USERS_CAND_ITEMS,SVD,DBSCAN,LIN,CWS,VICIS_EMANON2,NDCG,SURROGATE,C@0.5,SVD-DBSCAN-LIN-CWS-VICIS_EMANON2-NDCG-SURROGATE-C@0.5
2,1.293694555119545,USERS_REC_LISTS,SVD,DBSCAN,LIN,CWS,VICIS_EMANON2,NDCG,SURROGATE,C@0.5,SVD-DBSCAN-LIN-CWS-VICIS_EMANON2-NDCG-SURROGATE-C@0.5
0,1.592329613618611,USER_PREF,SVD,DBSCAN,LIN,CWS,VICIS_EMANON2,NDCG,SURROGATE,C@0.6,SVD-DBSCAN-LIN-CWS-VICIS_EMANON2-NDCG-SURROGATE-C@0.6
1,1.382040939090993,USERS_CAND_ITEMS,SVD,DBSCAN,LIN,CWS,VICIS_EMANON2,NDCG,SURROGATE,C@0.6,SVD-DBSCAN-LIN-CWS-VICIS_EMANON2-NDCG-SURROGATE-C@0.6
2,1.2657999108198958,USERS_REC_LISTS,SVD,DBSCAN,LIN,CWS,VICIS_EMANON2,NDCG,SURROGATE,C@0.6,SVD-DBSCAN-LIN-CWS-VICIS_EMANON2-NDCG-SURROGATE-C@0.6
0,1.592329613618611,USER_PREF,SVD,DBSCAN,LIN,CWS,VICIS_EMANON2,NDCG,SURROGATE,C@0.7,SVD-DBSCAN-LIN-CWS-VICIS_EMANON2-NDCG-SURROGATE-C@0.7
1,1.382040939090993,USERS_CAND_ITEMS,SVD,DBSCAN,LIN,CWS,VICIS_EMANON2,NDCG,SURROGATE,C@0.7,SVD-DBSCAN-LIN-CWS-VICIS_EMANON2-NDCG-SURROGATE-C@0.7
2,1.2531495948498237,USERS_REC_LISTS,SVD,DBSCAN,LIN,CWS,VICIS_EMANON2,NDCG,SURROGATE,C@0.7,SVD-DBSCAN-LIN-CWS-VICIS_EMANON2-NDCG-SURROGATE-C@0.7
0,1.592329613618611,USER_PREF,SVD,DBSCAN,LIN,CWS,VICIS_EMANON2,NDCG,SURROGATE,C@0.8,SVD-DBSCAN-LIN-CWS-VICIS_EMANON2-NDCG-SURROGATE-C@0.8
1,1.382040939090993,USERS_CAND_ITEMS,SVD,DBSCAN,LIN,CWS,VICIS_EMANON2,NDCG,SURROGATE,C@0.8,SVD-DBSCAN-LIN-CWS-VICIS_EMANON2-NDCG-SURROGATE-C@0.8
2,1.2708151215751669,USERS_REC_LISTS,SVD,DBSCAN,LIN,CWS,VICIS_EMANON2,NDCG,SURROGATE,C@0.8,SVD-DBSCAN-LIN-CWS-VICIS_EMANON2-NDCG-SURROGATE-C@0.8
0,1.592329613618611,USER_PREF,SVD,DBSCAN,LIN,CWS,VICIS_EMANON2,NDCG,SURROGATE,C@0.9,SVD-DBSCAN-LIN-CWS-VICIS_EMANON2-NDCG-SURROGATE-C@0.9
1,1.382040939090993,USERS_CAND_ITEMS,SVD,DBSCAN,LIN,CWS,VICIS_EMANON2,NDCG,SURROGATE,C@0.9,SVD-DBSCAN-LIN-CWS-VICIS_EMANON2-NDCG-SURROGATE-C@0.9
2,1.2854922136491889,USERS_REC_LISTS,SVD,DBSCAN,LIN,CWS,VICIS_EMANON2,NDCG,SURROGATE,C@0.9,SVD-DBSCAN-LIN-CWS-VICIS_EMANON2-NDCG-SURROGATE-C@0.9
0,1.592329613618611,USER_PREF,SVD,DBSCAN,LIN,CWS,VICIS_EMANON2,NDCG,SURROGATE,C@1.0,SVD-DBSCAN-LIN-CWS-VICIS_EMANON2-NDCG-SURROGATE-C@1.0
1,1.382040939090993,USERS_CAND_ITEMS,SVD,DBSCAN,LIN,CWS,VICIS_EMANON2,NDCG,SURROGATE,C@1.0,SVD-DBSCAN-LIN-CWS-VICIS_EMANON2-NDCG-SURROGATE-C@1.0
2,1.2437707249340508,USERS_REC_LISTS,SVD,DBSCAN,LIN,CWS,VICIS_EMANON2,NDCG,SURROGATE,C@1.0,SVD-DBSCAN-LIN-CWS-VICIS_EMANON2-NDCG-SURROGATE-C@1.0
0,6.391580734229492,USER_PREF,SVD,OSVM,LIN,CWS,VICIS_EMANON2,NDCG,SURROGATE,VAR,SVD-OSVM-LIN-CWS-VICIS_EMANON2-NDCG-SURROGATE-VAR
1,8.438685496327034,USERS_CAND_ITEMS,SVD,OSVM,LIN,CWS,VICIS_EMANON2,NDCG,SURROGATE,VAR,SVD-OSVM-LIN-CWS-VICIS_EMANON2-NDCG-SURROGATE-VAR
2,9.31181140769858,USERS_REC_LISTS,SVD,OSVM,LIN,CWS,VICIS_EMANON2,NDCG,SURROGATE,VAR,SVD-OSVM-LIN-CWS-VICIS_EMANON2-NDCG-SURROGATE-VAR
0,6.391580734229492,USER_PREF,SVD,OSVM,LIN,CWS,VICIS_EMANON2,NDCG,SURROGATE,CGR,SVD-OSVM-LIN-CWS-VICIS_EMANON2-NDCG-SURROGATE-CGR
1,8.438685496327034,USERS_CAND_ITEMS,SVD,OSVM,LIN,CWS,VICIS_EMANON2,NDCG,SURROGATE,CGR,SVD-OSVM-LIN-CWS-VICIS_EMANON2-NDCG-SURROGATE-CGR
2,9.48798383250951,USERS_REC_LISTS,SVD,OSVM,LIN,CWS,VICIS_EMANON2,NDCG,SURROGATE,CGR,SVD-OSVM-LIN-CWS-VICIS_EMANON2-NDCG-SURROGATE-CGR
0,6.391580734229492,USER_PREF,SVD,OSVM,LIN,CWS,VICIS_EMANON2,NDCG,SURROGATE,C@0.0,SVD-OSVM-LIN-CWS-VICIS_EMANON2-NDCG-SURROGATE-C@0.0
1,8.438685496327034,USERS_CAND_ITEMS,SVD,OSVM,LIN,CWS,VICIS_EMANON2,NDCG,SURROGATE,C@0.0,SVD-OSVM-LIN-CWS-VICIS_EMANON2-NDCG-SURROGATE-C@0.0
2,8.984404650098318,USERS_REC_LISTS,SVD,OSVM,LIN,CWS,VICIS_EMANON2,NDCG,SURROGATE,C@0.0,SVD-OSVM-LIN-CWS-VICIS_EMANON2-NDCG-SURROGATE-C@0.0
0,6.391580734229492,USER_PREF,SVD,OSVM,LIN,CWS,VICIS_EMANON2,NDCG,SURROGATE,C@0.1,SVD-OSVM-LIN-CWS-VICIS_EMANON2-NDCG-SURROGATE-C@0.1
1,8.438685496327034,USERS_CAND_ITEMS,SVD,OSVM,LIN,CWS,VICIS_EMANON2,NDCG,SURROGATE,C@0.1,SVD-OSVM-LIN-CWS-VICIS_EMANON2-NDCG-SURROGATE-C@0.1
2,9.38800650863361,USERS_REC_LISTS,SVD,OSVM,LIN,CWS,VICIS_EMANON2,NDCG,SURROGATE,C@0.1,SVD-OSVM-LIN-CWS-VICIS_EMANON2-NDCG-SURROGATE-C@0.1
0,6.391580734229492,USER_PREF,SVD,OSVM,LIN,CWS,VICIS_EMANON2,NDCG,SURROGATE,C@0.2,SVD-OSVM-LIN-CWS-VICIS_EMANON2-NDCG-SURROGATE-C@0.2
1,8.438685496327034,USERS_CAND_ITEMS,SVD,OSVM,LIN,CWS,VICIS_EMANON2,NDCG,SURROGATE,C@0.2,SVD-OSVM-LIN-CWS-VICIS_EMANON2-NDCG-SURROGATE-C@0.2
2,9.581986652599904,USERS_REC_LISTS,SVD,OSVM,LIN,CWS,VICIS_EMANON2,NDCG,SURROGATE,C@0.2,SVD-OSVM-LIN-CWS-VICIS_EMANON2-NDCG-SURROGATE-C@0.2
0,6.391580734229492,USER_PREF,SVD,OSVM,LIN,CWS,VICIS_EMANON2,NDCG,SURROGATE,C@0.3,SVD-OSVM-LIN-CWS-VICIS_EMANON2-NDCG-SURROGATE-C@0.3
1,8.438685496327034,USERS_CAND_ITEMS,SVD,OSVM,LIN,CWS,VICIS_EMANON2,NDCG,SURROGATE,C@0.3,SVD-OSVM-LIN-CWS-VICIS_EMANON2-NDCG-SURROGATE-C@0.3
2,9.394838881141183,USERS_REC_LISTS,SVD,OSVM,LIN,CWS,VICIS_EMANON2,NDCG,SURROGATE,C@0.3,SVD-OSVM-LIN-CWS-VICIS_EMANON2-NDCG-SURROGATE-C@0.3
0,6.391580734229492,USER_PREF,SVD,OSVM,LIN,CWS,VICIS_EMANON2,NDCG,SURROGATE,C@0.4,SVD-OSVM-LIN-CWS-VICIS_EMANON2-NDCG-SURROGATE-C@0.4
1,8.438685496327034,USERS_CAND_ITEMS,SVD,OSVM,LIN,CWS,VICIS_EMANON2,NDCG,SURROGATE,C@0.4,SVD-OSVM-LIN-CWS-VICIS_EMANON2-NDCG-SURROGATE-C@0.4
2,9.002181728704233,USERS_REC_LISTS,SVD,OSVM,LIN,CWS,VICIS_EMANON2,NDCG,SURROGATE,C@0.4,SVD-OSVM-LIN-CWS-VICIS_EMANON2-NDCG-SURROGATE-C@0.4
0,6.391580734229492,USER_PREF,SVD,OSVM,LIN,CWS,VICIS_EMANON2,NDCG,SURROGATE,C@0.5,SVD-OSVM-LIN-CWS-VICIS_EMANON2-NDCG-SURROGATE-C@0.5
1,8.438685496327034,USERS_CAND_ITEMS,SVD,OSVM,LIN,CWS,VICIS_EMANON2,NDCG,SURROGATE,C@0.5,SVD-OSVM-LIN-CWS-VICIS_EMANON2-NDCG-SURROGATE-C@0.5
2,9.556314293783466,USERS_REC_LISTS,SVD,OSVM,LIN,CWS,VICIS_EMANON2,NDCG,SURROGATE,C@0.5,SVD-OSVM-LIN-CWS-VICIS_EMANON2-NDCG-SURROGATE-C@0.5
0,6.391580734229492,USER_PREF,SVD,OSVM,LIN,CWS,VICIS_EMANON2,NDCG,SURROGATE,C@0.6,SVD-OSVM-LIN-CWS-VICIS_EMANON2-NDCG-SURROGATE-C@0.6
1,8.438685496327034,USERS_CAND_ITEMS,SVD,OSVM,LIN,CWS,VICIS_EMANON2,NDCG,SURROGATE,C@0.6,SVD-OSVM-LIN-CWS-VICIS_EMANON2-NDCG-SURROGATE-C@0.6
2,9.806887594173435,USERS_REC_LISTS,SVD,OSVM,LIN,CWS,VICIS_EMANON2,NDCG,SURROGATE,C@0.6,SVD-OSVM-LIN-CWS-VICIS_EMANON2-NDCG-SURROGATE-C@0.6
0,6.391580734229492,USER_PREF,SVD,OSVM,LIN,CWS,VICIS_EMANON2,NDCG,SURROGATE,C@0.7,SVD-OSVM-LIN-CWS-VICIS_EMANON2-NDCG-SURROGATE-C@0.7
1,8.438685496327034,USERS_CAND_ITEMS,SVD,OSVM,LIN,CWS,VICIS_EMANON2,NDCG,SURROGATE,C@0.7,SVD-OSVM-LIN-CWS-VICIS_EMANON2-NDCG-SURROGATE-C@0.7
2,9.502867820931655,USERS_REC_LISTS,SVD,OSVM,LIN,CWS,VICIS_EMANON2,NDCG,SURROGATE,C@0.7,SVD-OSVM-LIN-CWS-VICIS_EMANON2-NDCG-SURROGATE-C@0.7
0,6.391580734229492,USER_PREF,SVD,OSVM,LIN,CWS,VICIS_EMANON2,NDCG,SURROGATE,C@0.8,SVD-OSVM-LIN-CWS-VICIS_EMANON2-NDCG-SURROGATE-C@0.8
1,8.438685496327034,USERS_CAND_ITEMS,SVD,OSVM,LIN,CWS,VICIS_EMANON2,NDCG,SURROGATE,C@0.8,SVD-OSVM-LIN-CWS-VICIS_EMANON2-NDCG-SURROGATE-C@0.8
2,9.12421729812372,USERS_REC_LISTS,SVD,OSVM,LIN,CWS,VICIS_EMANON2,NDCG,SURROGATE,C@0.8,SVD-OSVM-LIN-CWS-VICIS_EMANON2-NDCG-SURROGATE-C@0.8
0,6.391580734229492,USER_PREF,SVD,OSVM,LIN,CWS,VICIS_EMANON2,NDCG,SURROGATE,C@0.9,SVD-OSVM-LIN-CWS-VICIS_EMANON2-NDCG-SURROGATE-C@0.9
1,8.438685496327034,USERS_CAND_ITEMS,SVD,OSVM,LIN,CWS,VICIS_EMANON2,NDCG,SURROGATE,C@0.9,SVD-OSVM-LIN-CWS-VICIS_EMANON2-NDCG-SURROGATE-C@0.9
2,9.429802559742408,USERS_REC_LISTS,SVD,OSVM,LIN,CWS,VICIS_EMANON2,NDCG,SURROGATE,C@0.9,SVD-OSVM-LIN-CWS-VICIS_EMANON2-NDCG-SURROGATE-C@0.9
0,6.391580734229492,USER_PREF,SVD,OSVM,LIN,CWS,VICIS_EMANON2,NDCG,SURROGATE,C@1.0,SVD-OSVM-LIN-CWS-VICIS_EMANON2-NDCG-SURROGATE-C@1.0
1,8.438685496327034,USERS_CAND_ITEMS,SVD,OSVM,LIN,CWS,VICIS_EMANON2,NDCG,SURROGATE,C@1.0,SVD-OSVM-LIN-CWS-VICIS_EMANON2-NDCG-SURROGATE-C@1.0
2,9.48798383250951,USERS_REC_LISTS,SVD,OSVM,LIN,CWS,VICIS_EMANON2,NDCG,SURROGATE,C@1.0,SVD-OSVM-LIN-CWS-VICIS_EMANON2-NDCG-SURROGATE-C@1.0
0,2.2507810224338254,USER_PREF,SVD,SGD,LIN,CWS,VICIS_EMANON2,NDCG,SURROGATE,VAR,SVD-SGD-LIN-CWS-VICIS_EMANON2-NDCG-SURROGATE-VAR
1,4.366060228975643,USERS_CAND_ITEMS,SVD,SGD,LIN,CWS,VICIS_EMANON2,NDCG,SURROGATE,VAR,SVD-SGD-LIN-CWS-VICIS_EMANON2-NDCG-SURROGATE-VAR
2,5.510527550354278,USERS_REC_LISTS,SVD,SGD,LIN,CWS,VICIS_EMANON2,NDCG,SURROGATE,VAR,SVD-SGD-LIN-CWS-VICIS_EMANON2-NDCG-SURROGATE-VAR
0,2.20282489003474,USER_PREF,SVD,SGD,LIN,CWS,VICIS_EMANON2,NDCG,SURROGATE,CGR,SVD-SGD-LIN-CWS-VICIS_EMANON2-NDCG-SURROGATE-CGR
1,4.319408588998642,USERS_CAND_ITEMS,SVD,SGD,LIN,CWS,VICIS_EMANON2,NDCG,SURROGATE,CGR,SVD-SGD-LIN-CWS-VICIS_EMANON2-NDCG-SURROGATE-CGR
2,5.508898258973382,USERS_REC_LISTS,SVD,SGD,LIN,CWS,VICIS_EMANON2,NDCG,SURROGATE,CGR,SVD-SGD-LIN-CWS-VICIS_EMANON2-NDCG-SURROGATE-CGR
0,2.2598017596633566,USER_PREF,SVD,SGD,LIN,CWS,VICIS_EMANON2,NDCG,SURROGATE,C@0.0,SVD-SGD-LIN-CWS-VICIS_EMANON2-NDCG-SURROGATE-C@0.0
1,4.382001370984009,USERS_CAND_ITEMS,SVD,SGD,LIN,CWS,VICIS_EMANON2,NDCG,SURROGATE,C@0.0,SVD-SGD-LIN-CWS-VICIS_EMANON2-NDCG-SURROGATE-C@0.0
2,4.554416012390899,USERS_REC_LISTS,SVD,SGD,LIN,CWS,VICIS_EMANON2,NDCG,SURROGATE,C@0.0,SVD-SGD-LIN-CWS-VICIS_EMANON2-NDCG-SURROGATE-C@0.0
0,2.2539481464078857,USER_PREF,SVD,SGD,LIN,CWS,VICIS_EMANON2,NDCG,SURROGATE,C@0.1,SVD-SGD-LIN-CWS-VICIS_EMANON2-NDCG-SURROGATE-C@0.1
1,4.229371027463103,USERS_CAND_ITEMS,SVD,SGD,LIN,CWS,VICIS_EMANON2,NDCG,SURROGATE,C@0.1,SVD-SGD-LIN-CWS-VICIS_EMANON2-NDCG-SURROGATE-C@0.1
2,5.187066938231884,USERS_REC_LISTS,SVD,SGD,LIN,CWS,VICIS_EMANON2,NDCG,SURROGATE,C@0.1,SVD-SGD-LIN-CWS-VICIS_EMANON2-NDCG-SURROGATE-C@0.1
0,2.204269346881645,USER_PREF,SVD,SGD,LIN,CWS,VICIS_EMANON2,NDCG,SURROGATE,C@0.2,SVD-SGD-LIN-CWS-VICIS_EMANON2-NDCG-SURROGATE-C@0.2
1,4.191361918146445,USERS_CAND_ITEMS,SVD,SGD,LIN,CWS,VICIS_EMANON2,NDCG,SURROGATE,C@0.2,SVD-SGD-LIN-CWS-VICIS_EMANON2-NDCG-SURROGATE-C@0.2
2,5.2850020075560575,USERS_REC_LISTS,SVD,SGD,LIN,CWS,VICIS_EMANON2,NDCG,SURROGATE,C@0.2,SVD-SGD-LIN-CWS-VICIS_EMANON2-NDCG-SURROGATE-C@0.2
0,2.2507810224338254,USER_PREF,SVD,SGD,LIN,CWS,VICIS_EMANON2,NDCG,SURROGATE,C@0.3,SVD-SGD-LIN-CWS-VICIS_EMANON2-NDCG-SURROGATE-C@0.3
1,4.36469318044796,USERS_CAND_ITEMS,SVD,SGD,LIN,CWS,VICIS_EMANON2,NDCG,SURROGATE,C@0.3,SVD-SGD-LIN-CWS-VICIS_EMANON2-NDCG-SURROGATE-C@0.3
2,5.38209724368314,USERS_REC_LISTS,SVD,SGD,LIN,CWS,VICIS_EMANON2,NDCG,SURROGATE,C@0.3,SVD-SGD-LIN-CWS-VICIS_EMANON2-NDCG-SURROGATE-C@0.3
0,2.2546274812891536,USER_PREF,SVD,SGD,LIN,CWS,VICIS_EMANON2,NDCG,SURROGATE,C@0.4,SVD-SGD-LIN-CWS-VICIS_EMANON2-NDCG-SURROGATE-C@0.4
1,4.333683893013459,USERS_CAND_ITEMS,SVD,SGD,LIN,CWS,VICIS_EMANON2,NDCG,SURROGATE,C@0.4,SVD-SGD-LIN-CWS-VICIS_EMANON2-NDCG-SURROGATE-C@0.4
2,5.316165145207444,USERS_REC_LISTS,SVD,SGD,LIN,CWS,VICIS_EMANON2,NDCG,SURROGATE,C@0.4,SVD-SGD-LIN-CWS-VICIS_EMANON2-NDCG-SURROGATE-C@0.4
0,2.230485522833428,USER_PREF,SVD,SGD,LIN,CWS,VICIS_EMANON2,NDCG,SURROGATE,C@0.5,SVD-SGD-LIN-CWS-VICIS_EMANON2-NDCG-SURROGATE-C@0.5
1,4.3237282228313,USERS_CAND_ITEMS,SVD,SGD,LIN,CWS,VICIS_EMANON2,NDCG,SURROGATE,C@0.5,SVD-SGD-LIN-CWS-VICIS_EMANON2-NDCG-SURROGATE-C@0.5
2,5.209031871083376,USERS_REC_LISTS,SVD,SGD,LIN,CWS,VICIS_EMANON2,NDCG,SURROGATE,C@0.5,SVD-SGD-LIN-CWS-VICIS_EMANON2-NDCG-SURROGATE-C@0.5
0,2.2642181021341643,USER_PREF,SVD,SGD,LIN,CWS,VICIS_EMANON2,NDCG,SURROGATE,C@0.6,SVD-SGD-LIN-CWS-VICIS_EMANON2-NDCG-SURROGATE-C@0.6
1,3.98158834947234,USERS_CAND_ITEMS,SVD,SGD,LIN,CWS,VICIS_EMANON2,NDCG,SURROGATE,C@0.6,SVD-SGD-LIN-CWS-VICIS_EMANON2-NDCG-SURROGATE-C@0.6
2,5.257659964271922,USERS_REC_LISTS,SVD,SGD,LIN,CWS,VICIS_EMANON2,NDCG,SURROGATE,C@0.6,SVD-SGD-LIN-CWS-VICIS_EMANON2-NDCG-SURROGATE-C@0.6
0,2.304482771932117,USER_PREF,SVD,SGD,LIN,CWS,VICIS_EMANON2,NDCG,SURROGATE,C@0.7,SVD-SGD-LIN-CWS-VICIS_EMANON2-NDCG-SURROGATE-C@0.7
1,4.426728034979379,USERS_CAND_ITEMS,SVD,SGD,LIN,CWS,VICIS_EMANON2,NDCG,SURROGATE,C@0.7,SVD-SGD-LIN-CWS-VICIS_EMANON2-NDCG-SURROGATE-C@0.7
2,5.329420393380626,USERS_REC_LISTS,SVD,SGD,LIN,CWS,VICIS_EMANON2,NDCG,SURROGATE,C@0.7,SVD-SGD-LIN-CWS-VICIS_EMANON2-NDCG-SURROGATE-C@0.7
0,2.1928147771423205,USER_PREF,SVD,SGD,LIN,CWS,VICIS_EMANON2,NDCG,SURROGATE,C@0.8,SVD-SGD-LIN-CWS-VICIS_EMANON2-NDCG-SURROGATE-C@0.8
1,4.3580697394417465,USERS_CAND_ITEMS,SVD,SGD,LIN,CWS,VICIS_EMANON2,NDCG,SURROGATE,C@0.8,SVD-SGD-LIN-CWS-VICIS_EMANON2-NDCG-SURROGATE-C@0.8
2,5.6841850660842415,USERS_REC_LISTS,SVD,SGD,LIN,CWS,VICIS_EMANON2,NDCG,SURROGATE,C@0.8,SVD-SGD-LIN-CWS-VICIS_EMANON2-NDCG-SURROGATE-C@0.8
0,2.2133565273310856,USER_PREF,SVD,SGD,LIN,CWS,VICIS_EMANON2,NDCG,SURROGATE,C@0.9,SVD-SGD-LIN-CWS-VICIS_EMANON2-NDCG-SURROGATE-C@0.9
1,4.360335915132347,USERS_CAND_ITEMS,SVD,SGD,LIN,CWS,VICIS_EMANON2,NDCG,SURROGATE,C@0.9,SVD-SGD-LIN-CWS-VICIS_EMANON2-NDCG-SURROGATE-C@0.9
2,5.404586815028147,USERS_REC_LISTS,SVD,SGD,LIN,CWS,VICIS_EMANON2,NDCG,SURROGATE,C@0.9,SVD-SGD-LIN-CWS-VICIS_EMANON2-NDCG-SURROGATE-C@0.9
0,2.245600732355971,USER_PREF,SVD,SGD,LIN,CWS,VICIS_EMANON2,NDCG,SURROGATE,C@1.0,SVD-SGD-LIN-CWS-VICIS_EMANON2-NDCG-SURROGATE-C@1.0
1,4.293725925279174,USERS_CAND_ITEMS,SVD,SGD,LIN,CWS,VICIS_EMANON2,NDCG,SURROGATE,C@1.0,SVD-SGD-LIN-CWS-VICIS_EMANON2-NDCG-SURROGATE-C@1.0
2,5.633125251301463,USERS_REC_LISTS,SVD,SGD,LIN,CWS,VICIS_EMANON2,NDCG,SURROGATE,C@1.0,SVD-SGD-LIN-CWS-VICIS_EMANON2-NDCG-SURROGATE-C@1.0
0,4.970060135074945,USER_PREF,SVD,ENVELOPE,LIN,CWS,VICIS_EMANON2,NDCG,SURROGATE,VAR,SVD-ENVELOPE-LIN-CWS-VICIS_EMANON2-NDCG-SURROGATE-VAR
1,2.814352532405852,USERS_CAND_ITEMS,SVD,ENVELOPE,LIN,CWS,VICIS_EMANON2,NDCG,SURROGATE,VAR,SVD-ENVELOPE-LIN-CWS-VICIS_EMANON2-NDCG-SURROGATE-VAR
2,7.403133731010996,USERS_REC_LISTS,SVD,ENVELOPE,LIN,CWS,VICIS_EMANON2,NDCG,SURROGATE,VAR,SVD-ENVELOPE-LIN-CWS-VICIS_EMANON2-NDCG-SURROGATE-VAR
0,3.995002421446344,USER_PREF,SVD,ENVELOPE,LIN,CWS,VICIS_EMANON2,NDCG,SURROGATE,CGR,SVD-ENVELOPE-LIN-CWS-VICIS_EMANON2-NDCG-SURROGATE-CGR
1,6.006639174847289,USERS_CAND_ITEMS,SVD,ENVELOPE,LIN,CWS,VICIS_EMANON2,NDCG,SURROGATE,CGR,SVD-ENVELOPE-LIN-CWS-VICIS_EMANON2-NDCG-SURROGATE-CGR
2,7.143401483620225,USERS_REC_LISTS,SVD,ENVELOPE,LIN,CWS,VICIS_EMANON2,NDCG,SURROGATE,CGR,SVD-ENVELOPE-LIN-CWS-VICIS_EMANON2-NDCG-SURROGATE-CGR
0,4.005888846499868,USER_PREF,SVD,ENVELOPE,LIN,CWS,VICIS_EMANON2,NDCG,SURROGATE,C@0.0,SVD-ENVELOPE-LIN-CWS-VICIS_EMANON2-NDCG-SURROGATE-C@0.0
1,7.138112041008925,USERS_CAND_ITEMS,SVD,ENVELOPE,LIN,CWS,VICIS_EMANON2,NDCG,SURROGATE,C@0.0,SVD-ENVELOPE-LIN-CWS-VICIS_EMANON2-NDCG-SURROGATE-C@0.0
2,6.200275105792109,USERS_REC_LISTS,SVD,ENVELOPE,LIN,CWS,VICIS_EMANON2,NDCG,SURROGATE,C@0.0,SVD-ENVELOPE-LIN-CWS-VICIS_EMANON2-NDCG-SURROGATE-C@0.0
0,3.8633063610802942,USER_PREF,SVD,ENVELOPE,LIN,CWS,VICIS_EMANON2,NDCG,SURROGATE,C@0.1,SVD-ENVELOPE-LIN-CWS-VICIS_EMANON2-NDCG-SURROGATE-C@0.1
1,2.8401742096996907,USERS_CAND_ITEMS,SVD,ENVELOPE,LIN,CWS,VICIS_EMANON2,NDCG,SURROGATE,C@0.1,SVD-ENVELOPE-LIN-CWS-VICIS_EMANON2-NDCG-SURROGATE-C@0.1
2,7.621807972149635,USERS_REC_LISTS,SVD,ENVELOPE,LIN,CWS,VICIS_EMANON2,NDCG,SURROGATE,C@0.1,SVD-ENVELOPE-LIN-CWS-VICIS_EMANON2-NDCG-SURROGATE-C@0.1
0,4.033541728314795,USER_PREF,SVD,ENVELOPE,LIN,CWS,VICIS_EMANON2,NDCG,SURROGATE,C@0.2,SVD-ENVELOPE-LIN-CWS-VICIS_EMANON2-NDCG-SURROGATE-C@0.2
1,2.81162458932957,USERS_CAND_ITEMS,SVD,ENVELOPE,LIN,CWS,VICIS_EMANON2,NDCG,SURROGATE,C@0.2,SVD-ENVELOPE-LIN-CWS-VICIS_EMANON2-NDCG-SURROGATE-C@0.2
2,3.461399050578628,USERS_REC_LISTS,SVD,ENVELOPE,LIN,CWS,VICIS_EMANON2,NDCG,SURROGATE,C@0.2,SVD-ENVELOPE-LIN-CWS-VICIS_EMANON2-NDCG-SURROGATE-C@0.2
0,2.739678875411292,USER_PREF,SVD,ENVELOPE,LIN,CWS,VICIS_EMANON2,NDCG,SURROGATE,C@0.3,SVD-ENVELOPE-LIN-CWS-VICIS_EMANON2-NDCG-SURROGATE-C@0.3
1,7.315548164239149,USERS_CAND_ITEMS,SVD,ENVELOPE,LIN,CWS,VICIS_EMANON2,NDCG,SURROGATE,C@0.3,SVD-ENVELOPE-LIN-CWS-VICIS_EMANON2-NDCG-SURROGATE-C@0.3
2,7.241021254699873,USERS_REC_LISTS,SVD,ENVELOPE,LIN,CWS,VICIS_EMANON2,NDCG,SURROGATE,C@0.3,SVD-ENVELOPE-LIN-CWS-VICIS_EMANON2-NDCG-SURROGATE-C@0.3
0,5.322351697348851,USER_PREF,SVD,ENVELOPE,LIN,CWS,VICIS_EMANON2,NDCG,SURROGATE,C@0.4,SVD-ENVELOPE-LIN-CWS-VICIS_EMANON2-NDCG-SURROGATE-C@0.4
1,7.265656766166067,USERS_CAND_ITEMS,SVD,ENVELOPE,LIN,CWS,VICIS_EMANON2,NDCG,SURROGATE,C@0.4,SVD-ENVELOPE-LIN-CWS-VICIS_EMANON2-NDCG-SURROGATE-C@0.4
2,6.627589909231278,USERS_REC_LISTS,SVD,ENVELOPE,LIN,CWS,VICIS_EMANON2,NDCG,SURROGATE,C@0.4,SVD-ENVELOPE-LIN-CWS-VICIS_EMANON2-NDCG-SURROGATE-C@0.4
0,4.0004886174118335,USER_PREF,SVD,ENVELOPE,LIN,CWS,VICIS_EMANON2,NDCG,SURROGATE,C@0.5,SVD-ENVELOPE-LIN-CWS-VICIS_EMANON2-NDCG-SURROGATE-C@0.5
1,7.090431982619461,USERS_CAND_ITEMS,SVD,ENVELOPE,LIN,CWS,VICIS_EMANON2,NDCG,SURROGATE,C@0.5,SVD-ENVELOPE-LIN-CWS-VICIS_EMANON2-NDCG-SURROGATE-C@0.5
2,6.666495093048039,USERS_REC_LISTS,SVD,ENVELOPE,LIN,CWS,VICIS_EMANON2,NDCG,SURROGATE,C@0.5,SVD-ENVELOPE-LIN-CWS-VICIS_EMANON2-NDCG-SURROGATE-C@0.5
0,5.287606748824716,USER_PREF,SVD,ENVELOPE,LIN,CWS,VICIS_EMANON2,NDCG,SURROGATE,C@0.6,SVD-ENVELOPE-LIN-CWS-VICIS_EMANON2-NDCG-SURROGATE-C@0.6
1,2.8170802161086588,USERS_CAND_ITEMS,SVD,ENVELOPE,LIN,CWS,VICIS_EMANON2,NDCG,SURROGATE,C@0.6,SVD-ENVELOPE-LIN-CWS-VICIS_EMANON2-NDCG-SURROGATE-C@0.6
2,7.415522654525864,USERS_REC_LISTS,SVD,ENVELOPE,LIN,CWS,VICIS_EMANON2,NDCG,SURROGATE,C@0.6,SVD-ENVELOPE-LIN-CWS-VICIS_EMANON2-NDCG-SURROGATE-C@0.6
0,4.482784940400431,USER_PREF,SVD,ENVELOPE,LIN,CWS,VICIS_EMANON2,NDCG,SURROGATE,C@0.7,SVD-ENVELOPE-LIN-CWS-VICIS_EMANON2-NDCG-SURROGATE-C@0.7
1,7.052937427497923,USERS_CAND_ITEMS,SVD,ENVELOPE,LIN,CWS,VICIS_EMANON2,NDCG,SURROGATE,C@0.7,SVD-ENVELOPE-LIN-CWS-VICIS_EMANON2-NDCG-SURROGATE-C@0.7
2,7.307462081271297,USERS_REC_LISTS,SVD,ENVELOPE,LIN,CWS,VICIS_EMANON2,NDCG,SURROGATE,C@0.7,SVD-ENVELOPE-LIN-CWS-VICIS_EMANON2-NDCG-SURROGATE-C@0.7
0,4.367402211858171,USER_PREF,SVD,ENVELOPE,LIN,CWS,VICIS_EMANON2,NDCG,SURROGATE,C@0.8,SVD-ENVELOPE-LIN-CWS-VICIS_EMANON2-NDCG-SURROGATE-C@0.8
1,2.837664155551363,USERS_CAND_ITEMS,SVD,ENVELOPE,LIN,CWS,VICIS_EMANON2,NDCG,SURROGATE,C@0.8,SVD-ENVELOPE-LIN-CWS-VICIS_EMANON2-NDCG-SURROGATE-C@0.8
2,7.177500119503605,USERS_REC_LISTS,SVD,ENVELOPE,LIN,CWS,VICIS_EMANON2,NDCG,SURROGATE,C@0.8,SVD-ENVELOPE-LIN-CWS-VICIS_EMANON2-NDCG-SURROGATE-C@0.8
0,4.914406433678517,USER_PREF,SVD,ENVELOPE,LIN,CWS,VICIS_EMANON2,NDCG,SURROGATE,C@0.9,SVD-ENVELOPE-LIN-CWS-VICIS_EMANON2-NDCG-SURROGATE-C@0.9
1,2.8112125774358745,USERS_CAND_ITEMS,SVD,ENVELOPE,LIN,CWS,VICIS_EMANON2,NDCG,SURROGATE,C@0.9,SVD-ENVELOPE-LIN-CWS-VICIS_EMANON2-NDCG-SURROGATE-C@0.9
2,7.586719966713301,USERS_REC_LISTS,SVD,ENVELOPE,LIN,CWS,VICIS_EMANON2,NDCG,SURROGATE,C@0.9,SVD-ENVELOPE-LIN-CWS-VICIS_EMANON2-NDCG-SURROGATE-C@0.9
0,3.8651878239766777,USER_PREF,SVD,ENVELOPE,LIN,CWS,VICIS_EMANON2,NDCG,SURROGATE,C@1.0,SVD-ENVELOPE-LIN-CWS-VICIS_EMANON2-NDCG-SURROGATE-C@1.0
1,7.232935551926136,USERS_CAND_ITEMS,SVD,ENVELOPE,LIN,CWS,VICIS_EMANON2,NDCG,SURROGATE,C@1.0,SVD-ENVELOPE-LIN-CWS-VICIS_EMANON2-NDCG-SURROGATE-C@1.0
2,7.199760672529405,USERS_REC_LISTS,SVD,ENVELOPE,LIN,CWS,VICIS_EMANON2,NDCG,SURROGATE,C@1.0,SVD-ENVELOPE-LIN-CWS-VICIS_EMANON2-NDCG-SURROGATE-C@1.0
