EVALUATION_METRICS,CONFORMITY_DIST_MEANING,RECOMMENDER,CONFORMITY,TRADEOFF,DISTRIBUTION_LABEL,CALIBRATION_MEASURE,RELEVANCE,SELECTOR_LABEL,TRADEOFF_WEIGHT,COMBINATION
0.3658097142251238,USER_PREF,SVD,KMEANS,LIN,CWS,VICIS_EMANON2,NDCG,SURROGATE,VAR,SVD-KMEANS-LIN-CWS-VICIS_EMANON2-NDCG-SURROGATE-VAR
0.14622594397396302,USERS_CAND_ITEMS,SVD,KMEANS,LIN,CWS,VICIS_EMANON2,NDCG,SURROGATE,VAR,SVD-KMEANS-LIN-CWS-VICIS_EMANON2-NDCG-SURROGATE-VAR
0.141480185969097,USERS_REC_LISTS,SVD,KMEANS,LIN,CWS,VICIS_EMANON2,NDCG,SURROGATE,VAR,SVD-KMEANS-LIN-CWS-VICIS_EMANON2-NDCG-SURROGATE-VAR
0.3658097142251238,USER_PREF,SVD,KMEANS,LIN,CWS,VICIS_EMANON2,NDCG,SURROGATE,CGR,SVD-KMEANS-LIN-CWS-VICIS_EMANON2-NDCG-SURROGATE-CGR
0.13784221847948508,USERS_CAND_ITEMS,SVD,KMEANS,LIN,CWS,VICIS_EMANON2,NDCG,SURROGATE,CGR,SVD-KMEANS-LIN-CWS-VICIS_EMANON2-NDCG-SURROGATE-CGR
0.14018886413215703,USERS_REC_LISTS,SVD,KMEANS,LIN,CWS,VICIS_EMANON2,NDCG,SURROGATE,CGR,SVD-KMEANS-LIN-CWS-VICIS_EMANON2-NDCG-SURROGATE-CGR
0.2898475512440626,USER_PREF,SVD,KMEANS,LIN,CWS,VICIS_EMANON2,NDCG,SURROGATE,C@0.0,SVD-KMEANS-LIN-CWS-VICIS_EMANON2-NDCG-SURROGATE-C@0.0
0.13955487035415523,USERS_CAND_ITEMS,SVD,KMEANS,LIN,CWS,VICIS_EMANON2,NDCG,SURROGATE,C@0.0,SVD-KMEANS-LIN-CWS-VICIS_EMANON2-NDCG-SURROGATE-C@0.0
0.2987751795650873,USERS_REC_LISTS,SVD,KMEANS,LIN,CWS,VICIS_EMANON2,NDCG,SURROGATE,C@0.0,SVD-KMEANS-LIN-CWS-VICIS_EMANON2-NDCG-SURROGATE-C@0.0
0.3658097142251238,USER_PREF,SVD,KMEANS,LIN,CWS,VICIS_EMANON2,NDCG,SURROGATE,C@0.1,SVD-KMEANS-LIN-CWS-VICIS_EMANON2-NDCG-SURROGATE-C@0.1
0.13930011559847472,USERS_CAND_ITEMS,SVD,KMEANS,LIN,CWS,VICIS_EMANON2,NDCG,SURROGATE,C@0.1,SVD-KMEANS-LIN-CWS-VICIS_EMANON2-NDCG-SURROGATE-C@0.1
0.13982508962933737,USERS_REC_LISTS,SVD,KMEANS,LIN,CWS,VICIS_EMANON2,NDCG,SURROGATE,C@0.1,SVD-KMEANS-LIN-CWS-VICIS_EMANON2-NDCG-SURROGATE-C@0.1
0.3658097142251238,USER_PREF,SVD,KMEANS,LIN,CWS,VICIS_EMANON2,NDCG,SURROGATE,C@0.2,SVD-KMEANS-LIN-CWS-VICIS_EMANON2-NDCG-SURROGATE-C@0.2
0.14917928348284032,USERS_CAND_ITEMS,SVD,KMEANS,LIN,CWS,VICIS_EMANON2,NDCG,SURROGATE,C@0.2,SVD-KMEANS-LIN-CWS-VICIS_EMANON2-NDCG-SURROGATE-C@0.2
0.14090392011912484,USERS_REC_LISTS,SVD,KMEANS,LIN,CWS,VICIS_EMANON2,NDCG,SURROGATE,C@0.2,SVD-KMEANS-LIN-CWS-VICIS_EMANON2-NDCG-SURROGATE-C@0.2
0.3658097142251238,USER_PREF,SVD,KMEANS,LIN,CWS,VICIS_EMANON2,NDCG,SURROGATE,C@0.3,SVD-KMEANS-LIN-CWS-VICIS_EMANON2-NDCG-SURROGATE-C@0.3
0.13691334456079313,USERS_CAND_ITEMS,SVD,KMEANS,LIN,CWS,VICIS_EMANON2,NDCG,SURROGATE,C@0.3,SVD-KMEANS-LIN-CWS-VICIS_EMANON2-NDCG-SURROGATE-C@0.3
0.14234843017309032,USERS_REC_LISTS,SVD,KMEANS,LIN,CWS,VICIS_EMANON2,NDCG,SURROGATE,C@0.3,SVD-KMEANS-LIN-CWS-VICIS_EMANON2-NDCG-SURROGATE-C@0.3
0.3658097142251238,USER_PREF,SVD,KMEANS,LIN,CWS,VICIS_EMANON2,NDCG,SURROGATE,C@0.4,SVD-KMEANS-LIN-CWS-VICIS_EMANON2-NDCG-SURROGATE-C@0.4
0.1484431801635979,USERS_CAND_ITEMS,SVD,KMEANS,LIN,CWS,VICIS_EMANON2,NDCG,SURROGATE,C@0.4,SVD-KMEANS-LIN-CWS-VICIS_EMANON2-NDCG-SURROGATE-C@0.4
0.14173690702903216,USERS_REC_LISTS,SVD,KMEANS,LIN,CWS,VICIS_EMANON2,NDCG,SURROGATE,C@0.4,SVD-KMEANS-LIN-CWS-VICIS_EMANON2-NDCG-SURROGATE-C@0.4
0.32359314768421876,USER_PREF,SVD,KMEANS,LIN,CWS,VICIS_EMANON2,NDCG,SURROGATE,C@0.5,SVD-KMEANS-LIN-CWS-VICIS_EMANON2-NDCG-SURROGATE-C@0.5
0.1473064662171391,USERS_CAND_ITEMS,SVD,KMEANS,LIN,CWS,VICIS_EMANON2,NDCG,SURROGATE,C@0.5,SVD-KMEANS-LIN-CWS-VICIS_EMANON2-NDCG-SURROGATE-C@0.5
0.14149110650011842,USERS_REC_LISTS,SVD,KMEANS,LIN,CWS,VICIS_EMANON2,NDCG,SURROGATE,C@0.5,SVD-KMEANS-LIN-CWS-VICIS_EMANON2-NDCG-SURROGATE-C@0.5
0.3658097142251238,USER_PREF,SVD,KMEANS,LIN,CWS,VICIS_EMANON2,NDCG,SURROGATE,C@0.6,SVD-KMEANS-LIN-CWS-VICIS_EMANON2-NDCG-SURROGATE-C@0.6
0.1478895976797779,USERS_CAND_ITEMS,SVD,KMEANS,LIN,CWS,VICIS_EMANON2,NDCG,SURROGATE,C@0.6,SVD-KMEANS-LIN-CWS-VICIS_EMANON2-NDCG-SURROGATE-C@0.6
0.14131589127735825,USERS_REC_LISTS,SVD,KMEANS,LIN,CWS,VICIS_EMANON2,NDCG,SURROGATE,C@0.6,SVD-KMEANS-LIN-CWS-VICIS_EMANON2-NDCG-SURROGATE-C@0.6
0.3658097142251238,USER_PREF,SVD,KMEANS,LIN,CWS,VICIS_EMANON2,NDCG,SURROGATE,C@0.7,SVD-KMEANS-LIN-CWS-VICIS_EMANON2-NDCG-SURROGATE-C@0.7
0.13821369067422432,USERS_CAND_ITEMS,SVD,KMEANS,LIN,CWS,VICIS_EMANON2,NDCG,SURROGATE,C@0.7,SVD-KMEANS-LIN-CWS-VICIS_EMANON2-NDCG-SURROGATE-C@0.7
0.1409906495613719,USERS_REC_LISTS,SVD,KMEANS,LIN,CWS,VICIS_EMANON2,NDCG,SURROGATE,C@0.7,SVD-KMEANS-LIN-CWS-VICIS_EMANON2-NDCG-SURROGATE-C@0.7
0.3658097142251238,USER_PREF,SVD,KMEANS,LIN,CWS,VICIS_EMANON2,NDCG,SURROGATE,C@0.8,SVD-KMEANS-LIN-CWS-VICIS_EMANON2-NDCG-SURROGATE-C@0.8
0.14623283976825585,USERS_CAND_ITEMS,SVD,KMEANS,LIN,CWS,VICIS_EMANON2,NDCG,SURROGATE,C@0.8,SVD-KMEANS-LIN-CWS-VICIS_EMANON2-NDCG-SURROGATE-C@0.8
0.14098968205401152,USERS_REC_LISTS,SVD,KMEANS,LIN,CWS,VICIS_EMANON2,NDCG,SURROGATE,C@0.8,SVD-KMEANS-LIN-CWS-VICIS_EMANON2-NDCG-SURROGATE-C@0.8
0.32359314768421876,USER_PREF,SVD,KMEANS,LIN,CWS,VICIS_EMANON2,NDCG,SURROGATE,C@0.9,SVD-KMEANS-LIN-CWS-VICIS_EMANON2-NDCG-SURROGATE-C@0.9
0.14738441331497612,USERS_CAND_ITEMS,SVD,KMEANS,LIN,CWS,VICIS_EMANON2,NDCG,SURROGATE,C@0.9,SVD-KMEANS-LIN-CWS-VICIS_EMANON2-NDCG-SURROGATE-C@0.9
0.1412244252080243,USERS_REC_LISTS,SVD,KMEANS,LIN,CWS,VICIS_EMANON2,NDCG,SURROGATE,C@0.9,SVD-KMEANS-LIN-CWS-VICIS_EMANON2-NDCG-SURROGATE-C@0.9
0.3346541906170184,USER_PREF,SVD,KMEANS,LIN,CWS,VICIS_EMANON2,NDCG,SURROGATE,C@1.0,SVD-KMEANS-LIN-CWS-VICIS_EMANON2-NDCG-SURROGATE-C@1.0
0.14679258635005285,USERS_CAND_ITEMS,SVD,KMEANS,LIN,CWS,VICIS_EMANON2,NDCG,SURROGATE,C@1.0,SVD-KMEANS-LIN-CWS-VICIS_EMANON2-NDCG-SURROGATE-C@1.0
0.1400843691015828,USERS_REC_LISTS,SVD,KMEANS,LIN,CWS,VICIS_EMANON2,NDCG,SURROGATE,C@1.0,SVD-KMEANS-LIN-CWS-VICIS_EMANON2-NDCG-SURROGATE-C@1.0
0.2148554468825225,USER_PREF,SVD,BISECTING,LIN,CWS,VICIS_EMANON2,NDCG,SURROGATE,VAR,SVD-BISECTING-LIN-CWS-VICIS_EMANON2-NDCG-SURROGATE-VAR
0.1568340851792311,USERS_CAND_ITEMS,SVD,BISECTING,LIN,CWS,VICIS_EMANON2,NDCG,SURROGATE,VAR,SVD-BISECTING-LIN-CWS-VICIS_EMANON2-NDCG-SURROGATE-VAR
0.1412655648576776,USERS_REC_LISTS,SVD,BISECTING,LIN,CWS,VICIS_EMANON2,NDCG,SURROGATE,VAR,SVD-BISECTING-LIN-CWS-VICIS_EMANON2-NDCG-SURROGATE-VAR
0.14124919714729023,USER_PREF,SVD,BISECTING,LIN,CWS,VICIS_EMANON2,NDCG,SURROGATE,CGR,SVD-BISECTING-LIN-CWS-VICIS_EMANON2-NDCG-SURROGATE-CGR
0.13800941445360093,USERS_CAND_ITEMS,SVD,BISECTING,LIN,CWS,VICIS_EMANON2,NDCG,SURROGATE,CGR,SVD-BISECTING-LIN-CWS-VICIS_EMANON2-NDCG-SURROGATE-CGR
0.1420229642196,USERS_REC_LISTS,SVD,BISECTING,LIN,CWS,VICIS_EMANON2,NDCG,SURROGATE,CGR,SVD-BISECTING-LIN-CWS-VICIS_EMANON2-NDCG-SURROGATE-CGR
0.15270527980779644,USER_PREF,SVD,BISECTING,LIN,CWS,VICIS_EMANON2,NDCG,SURROGATE,C@0.0,SVD-BISECTING-LIN-CWS-VICIS_EMANON2-NDCG-SURROGATE-C@0.0
0.14550411948394035,USERS_CAND_ITEMS,SVD,BISECTING,LIN,CWS,VICIS_EMANON2,NDCG,SURROGATE,C@0.0,SVD-BISECTING-LIN-CWS-VICIS_EMANON2-NDCG-SURROGATE-C@0.0
0.2680361515612173,USERS_REC_LISTS,SVD,BISECTING,LIN,CWS,VICIS_EMANON2,NDCG,SURROGATE,C@0.0,SVD-BISECTING-LIN-CWS-VICIS_EMANON2-NDCG-SURROGATE-C@0.0
0.15568677374458673,USER_PREF,SVD,BISECTING,LIN,CWS,VICIS_EMANON2,NDCG,SURROGATE,C@0.1,SVD-BISECTING-LIN-CWS-VICIS_EMANON2-NDCG-SURROGATE-C@0.1
0.14211853645142433,USERS_CAND_ITEMS,SVD,BISECTING,LIN,CWS,VICIS_EMANON2,NDCG,SURROGATE,C@0.1,SVD-BISECTING-LIN-CWS-VICIS_EMANON2-NDCG-SURROGATE-C@0.1
0.13922411298656967,USERS_REC_LISTS,SVD,BISECTING,LIN,CWS,VICIS_EMANON2,NDCG,SURROGATE,C@0.1,SVD-BISECTING-LIN-CWS-VICIS_EMANON2-NDCG-SURROGATE-C@0.1
0.15124270378435395,USER_PREF,SVD,BISECTING,LIN,CWS,VICIS_EMANON2,NDCG,SURROGATE,C@0.2,SVD-BISECTING-LIN-CWS-VICIS_EMANON2-NDCG-SURROGATE-C@0.2
0.14757727179077715,USERS_CAND_ITEMS,SVD,BISECTING,LIN,CWS,VICIS_EMANON2,NDCG,SURROGATE,C@0.2,SVD-BISECTING-LIN-CWS-VICIS_EMANON2-NDCG-SURROGATE-C@0.2
0.1424451886868122,USERS_REC_LISTS,SVD,BISECTING,LIN,CWS,VICIS_EMANON2,NDCG,SURROGATE,C@0.2,SVD-BISECTING-LIN-CWS-VICIS_EMANON2-NDCG-SURROGATE-C@0.2
0.19999748827074465,USER_PREF,SVD,BISECTING,LIN,CWS,VICIS_EMANON2,NDCG,SURROGATE,C@0.3,SVD-BISECTING-LIN-CWS-VICIS_EMANON2-NDCG-SURROGATE-C@0.3
0.17387250182190428,USERS_CAND_ITEMS,SVD,BISECTING,LIN,CWS,VICIS_EMANON2,NDCG,SURROGATE,C@0.3,SVD-BISECTING-LIN-CWS-VICIS_EMANON2-NDCG-SURROGATE-C@0.3
0.14094372029179997,USERS_REC_LISTS,SVD,BISECTING,LIN,CWS,VICIS_EMANON2,NDCG,SURROGATE,C@0.3,SVD-BISECTING-LIN-CWS-VICIS_EMANON2-NDCG-SURROGATE-C@0.3
0.24341988837642115,USER_PREF,SVD,BISECTING,LIN,CWS,VICIS_EMANON2,NDCG,SURROGATE,C@0.4,SVD-BISECTING-LIN-CWS-VICIS_EMANON2-NDCG-SURROGATE-C@0.4
0.20463743227361575,USERS_CAND_ITEMS,SVD,BISECTING,LIN,CWS,VICIS_EMANON2,NDCG,SURROGATE,C@0.4,SVD-BISECTING-LIN-CWS-VICIS_EMANON2-NDCG-SURROGATE-C@0.4
0.14083675371159013,USERS_REC_LISTS,SVD,BISECTING,LIN,CWS,VICIS_EMANON2,NDCG,SURROGATE,C@0.4,SVD-BISECTING-LIN-CWS-VICIS_EMANON2-NDCG-SURROGATE-C@0.4
0.18481517948967166,USER_PREF,SVD,BISECTING,LIN,CWS,VICIS_EMANON2,NDCG,SURROGATE,C@0.5,SVD-BISECTING-LIN-CWS-VICIS_EMANON2-NDCG-SURROGATE-C@0.5
0.20744145617112647,USERS_CAND_ITEMS,SVD,BISECTING,LIN,CWS,VICIS_EMANON2,NDCG,SURROGATE,C@0.5,SVD-BISECTING-LIN-CWS-VICIS_EMANON2-NDCG-SURROGATE-C@0.5
0.14159406051451712,USERS_REC_LISTS,SVD,BISECTING,LIN,CWS,VICIS_EMANON2,NDCG,SURROGATE,C@0.5,SVD-BISECTING-LIN-CWS-VICIS_EMANON2-NDCG-SURROGATE-C@0.5
0.15542931343483882,USER_PREF,SVD,BISECTING,LIN,CWS,VICIS_EMANON2,NDCG,SURROGATE,C@0.6,SVD-BISECTING-LIN-CWS-VICIS_EMANON2-NDCG-SURROGATE-C@0.6
0.12525422857361337,USERS_CAND_ITEMS,SVD,BISECTING,LIN,CWS,VICIS_EMANON2,NDCG,SURROGATE,C@0.6,SVD-BISECTING-LIN-CWS-VICIS_EMANON2-NDCG-SURROGATE-C@0.6
0.14331229346004357,USERS_REC_LISTS,SVD,BISECTING,LIN,CWS,VICIS_EMANON2,NDCG,SURROGATE,C@0.6,SVD-BISECTING-LIN-CWS-VICIS_EMANON2-NDCG-SURROGATE-C@0.6
0.1540119178391381,USER_PREF,SVD,BISECTING,LIN,CWS,VICIS_EMANON2,NDCG,SURROGATE,C@0.7,SVD-BISECTING-LIN-CWS-VICIS_EMANON2-NDCG-SURROGATE-C@0.7
0.1737968972857057,USERS_CAND_ITEMS,SVD,BISECTING,LIN,CWS,VICIS_EMANON2,NDCG,SURROGATE,C@0.7,SVD-BISECTING-LIN-CWS-VICIS_EMANON2-NDCG-SURROGATE-C@0.7
0.14288042857118224,USERS_REC_LISTS,SVD,BISECTING,LIN,CWS,VICIS_EMANON2,NDCG,SURROGATE,C@0.7,SVD-BISECTING-LIN-CWS-VICIS_EMANON2-NDCG-SURROGATE-C@0.7
0.2147640791247166,USER_PREF,SVD,BISECTING,LIN,CWS,VICIS_EMANON2,NDCG,SURROGATE,C@0.8,SVD-BISECTING-LIN-CWS-VICIS_EMANON2-NDCG-SURROGATE-C@0.8
0.13943255554323683,USERS_CAND_ITEMS,SVD,BISECTING,LIN,CWS,VICIS_EMANON2,NDCG,SURROGATE,C@0.8,SVD-BISECTING-LIN-CWS-VICIS_EMANON2-NDCG-SURROGATE-C@0.8
0.1402978295341813,USERS_REC_LISTS,SVD,BISECTING,LIN,CWS,VICIS_EMANON2,NDCG,SURROGATE,C@0.8,SVD-BISECTING-LIN-CWS-VICIS_EMANON2-NDCG-SURROGATE-C@0.8
0.1776409482968535,USER_PREF,SVD,BISECTING,LIN,CWS,VICIS_EMANON2,NDCG,SURROGATE,C@0.9,SVD-BISECTING-LIN-CWS-VICIS_EMANON2-NDCG-SURROGATE-C@0.9
0.16312530627095662,USERS_CAND_ITEMS,SVD,BISECTING,LIN,CWS,VICIS_EMANON2,NDCG,SURROGATE,C@0.9,SVD-BISECTING-LIN-CWS-VICIS_EMANON2-NDCG-SURROGATE-C@0.9
0.12959291352790575,USERS_REC_LISTS,SVD,BISECTING,LIN,CWS,VICIS_EMANON2,NDCG,SURROGATE,C@0.9,SVD-BISECTING-LIN-CWS-VICIS_EMANON2-NDCG-SURROGATE-C@0.9
0.20694122651125457,USER_PREF,SVD,BISECTING,LIN,CWS,VICIS_EMANON2,NDCG,SURROGATE,C@1.0,SVD-BISECTING-LIN-CWS-VICIS_EMANON2-NDCG-SURROGATE-C@1.0
0.21089969279736606,USERS_CAND_ITEMS,SVD,BISECTING,LIN,CWS,VICIS_EMANON2,NDCG,SURROGATE,C@1.0,SVD-BISECTING-LIN-CWS-VICIS_EMANON2-NDCG-SURROGATE-C@1.0
0.14204493950784125,USERS_REC_LISTS,SVD,BISECTING,LIN,CWS,VICIS_EMANON2,NDCG,SURROGATE,C@1.0,SVD-BISECTING-LIN-CWS-VICIS_EMANON2-NDCG-SURROGATE-C@1.0
0.3655732264316404,USER_PREF,SVD,AGGLO,LIN,CWS,VICIS_EMANON2,NDCG,SURROGATE,VAR,SVD-AGGLO-LIN-CWS-VICIS_EMANON2-NDCG-SURROGATE-VAR
0.21868405022858595,USERS_CAND_ITEMS,SVD,AGGLO,LIN,CWS,VICIS_EMANON2,NDCG,SURROGATE,VAR,SVD-AGGLO-LIN-CWS-VICIS_EMANON2-NDCG-SURROGATE-VAR
0.11908935766541036,USERS_REC_LISTS,SVD,AGGLO,LIN,CWS,VICIS_EMANON2,NDCG,SURROGATE,VAR,SVD-AGGLO-LIN-CWS-VICIS_EMANON2-NDCG-SURROGATE-VAR
0.3655732264316404,USER_PREF,SVD,AGGLO,LIN,CWS,VICIS_EMANON2,NDCG,SURROGATE,CGR,SVD-AGGLO-LIN-CWS-VICIS_EMANON2-NDCG-SURROGATE-CGR
0.21868405022858595,USERS_CAND_ITEMS,SVD,AGGLO,LIN,CWS,VICIS_EMANON2,NDCG,SURROGATE,CGR,SVD-AGGLO-LIN-CWS-VICIS_EMANON2-NDCG-SURROGATE-CGR
0.12373982995002732,USERS_REC_LISTS,SVD,AGGLO,LIN,CWS,VICIS_EMANON2,NDCG,SURROGATE,CGR,SVD-AGGLO-LIN-CWS-VICIS_EMANON2-NDCG-SURROGATE-CGR
0.3655732264316404,USER_PREF,SVD,AGGLO,LIN,CWS,VICIS_EMANON2,NDCG,SURROGATE,C@0.0,SVD-AGGLO-LIN-CWS-VICIS_EMANON2-NDCG-SURROGATE-C@0.0
0.21868405022858595,USERS_CAND_ITEMS,SVD,AGGLO,LIN,CWS,VICIS_EMANON2,NDCG,SURROGATE,C@0.0,SVD-AGGLO-LIN-CWS-VICIS_EMANON2-NDCG-SURROGATE-C@0.0
0.3043957966244279,USERS_REC_LISTS,SVD,AGGLO,LIN,CWS,VICIS_EMANON2,NDCG,SURROGATE,C@0.0,SVD-AGGLO-LIN-CWS-VICIS_EMANON2-NDCG-SURROGATE-C@0.0
0.3655732264316404,USER_PREF,SVD,AGGLO,LIN,CWS,VICIS_EMANON2,NDCG,SURROGATE,C@0.1,SVD-AGGLO-LIN-CWS-VICIS_EMANON2-NDCG-SURROGATE-C@0.1
0.21868405022858595,USERS_CAND_ITEMS,SVD,AGGLO,LIN,CWS,VICIS_EMANON2,NDCG,SURROGATE,C@0.1,SVD-AGGLO-LIN-CWS-VICIS_EMANON2-NDCG-SURROGATE-C@0.1
0.12044820426247352,USERS_REC_LISTS,SVD,AGGLO,LIN,CWS,VICIS_EMANON2,NDCG,SURROGATE,C@0.1,SVD-AGGLO-LIN-CWS-VICIS_EMANON2-NDCG-SURROGATE-C@0.1
0.3655732264316404,USER_PREF,SVD,AGGLO,LIN,CWS,VICIS_EMANON2,NDCG,SURROGATE,C@0.2,SVD-AGGLO-LIN-CWS-VICIS_EMANON2-NDCG-SURROGATE-C@0.2
0.21868405022858595,USERS_CAND_ITEMS,SVD,AGGLO,LIN,CWS,VICIS_EMANON2,NDCG,SURROGATE,C@0.2,SVD-AGGLO-LIN-CWS-VICIS_EMANON2-NDCG-SURROGATE-C@0.2
0.12559589791718442,USERS_REC_LISTS,SVD,AGGLO,LIN,CWS,VICIS_EMANON2,NDCG,SURROGATE,C@0.2,SVD-AGGLO-LIN-CWS-VICIS_EMANON2-NDCG-SURROGATE-C@0.2
0.3655732264316404,USER_PREF,SVD,AGGLO,LIN,CWS,VICIS_EMANON2,NDCG,SURROGATE,C@0.3,SVD-AGGLO-LIN-CWS-VICIS_EMANON2-NDCG-SURROGATE-C@0.3
0.21868405022858595,USERS_CAND_ITEMS,SVD,AGGLO,LIN,CWS,VICIS_EMANON2,NDCG,SURROGATE,C@0.3,SVD-AGGLO-LIN-CWS-VICIS_EMANON2-NDCG-SURROGATE-C@0.3
0.12212612271714278,USERS_REC_LISTS,SVD,AGGLO,LIN,CWS,VICIS_EMANON2,NDCG,SURROGATE,C@0.3,SVD-AGGLO-LIN-CWS-VICIS_EMANON2-NDCG-SURROGATE-C@0.3
0.3655732264316404,USER_PREF,SVD,AGGLO,LIN,CWS,VICIS_EMANON2,NDCG,SURROGATE,C@0.4,SVD-AGGLO-LIN-CWS-VICIS_EMANON2-NDCG-SURROGATE-C@0.4
0.21868405022858595,USERS_CAND_ITEMS,SVD,AGGLO,LIN,CWS,VICIS_EMANON2,NDCG,SURROGATE,C@0.4,SVD-AGGLO-LIN-CWS-VICIS_EMANON2-NDCG-SURROGATE-C@0.4
0.11929187913711504,USERS_REC_LISTS,SVD,AGGLO,LIN,CWS,VICIS_EMANON2,NDCG,SURROGATE,C@0.4,SVD-AGGLO-LIN-CWS-VICIS_EMANON2-NDCG-SURROGATE-C@0.4
0.3655732264316404,USER_PREF,SVD,AGGLO,LIN,CWS,VICIS_EMANON2,NDCG,SURROGATE,C@0.5,SVD-AGGLO-LIN-CWS-VICIS_EMANON2-NDCG-SURROGATE-C@0.5
0.21868405022858595,USERS_CAND_ITEMS,SVD,AGGLO,LIN,CWS,VICIS_EMANON2,NDCG,SURROGATE,C@0.5,SVD-AGGLO-LIN-CWS-VICIS_EMANON2-NDCG-SURROGATE-C@0.5
0.11832107375078275,USERS_REC_LISTS,SVD,AGGLO,LIN,CWS,VICIS_EMANON2,NDCG,SURROGATE,C@0.5,SVD-AGGLO-LIN-CWS-VICIS_EMANON2-NDCG-SURROGATE-C@0.5
0.3655732264316404,USER_PREF,SVD,AGGLO,LIN,CWS,VICIS_EMANON2,NDCG,SURROGATE,C@0.6,SVD-AGGLO-LIN-CWS-VICIS_EMANON2-NDCG-SURROGATE-C@0.6
0.21868405022858595,USERS_CAND_ITEMS,SVD,AGGLO,LIN,CWS,VICIS_EMANON2,NDCG,SURROGATE,C@0.6,SVD-AGGLO-LIN-CWS-VICIS_EMANON2-NDCG-SURROGATE-C@0.6
0.11679395777698644,USERS_REC_LISTS,SVD,AGGLO,LIN,CWS,VICIS_EMANON2,NDCG,SURROGATE,C@0.6,SVD-AGGLO-LIN-CWS-VICIS_EMANON2-NDCG-SURROGATE-C@0.6
0.3655732264316404,USER_PREF,SVD,AGGLO,LIN,CWS,VICIS_EMANON2,NDCG,SURROGATE,C@0.7,SVD-AGGLO-LIN-CWS-VICIS_EMANON2-NDCG-SURROGATE-C@0.7
0.21868405022858595,USERS_CAND_ITEMS,SVD,AGGLO,LIN,CWS,VICIS_EMANON2,NDCG,SURROGATE,C@0.7,SVD-AGGLO-LIN-CWS-VICIS_EMANON2-NDCG-SURROGATE-C@0.7
0.11064379865858417,USERS_REC_LISTS,SVD,AGGLO,LIN,CWS,VICIS_EMANON2,NDCG,SURROGATE,C@0.7,SVD-AGGLO-LIN-CWS-VICIS_EMANON2-NDCG-SURROGATE-C@0.7
0.3655732264316404,USER_PREF,SVD,AGGLO,LIN,CWS,VICIS_EMANON2,NDCG,SURROGATE,C@0.8,SVD-AGGLO-LIN-CWS-VICIS_EMANON2-NDCG-SURROGATE-C@0.8
0.21868405022858595,USERS_CAND_ITEMS,SVD,AGGLO,LIN,CWS,VICIS_EMANON2,NDCG,SURROGATE,C@0.8,SVD-AGGLO-LIN-CWS-VICIS_EMANON2-NDCG-SURROGATE-C@0.8
0.11402681468054997,USERS_REC_LISTS,SVD,AGGLO,LIN,CWS,VICIS_EMANON2,NDCG,SURROGATE,C@0.8,SVD-AGGLO-LIN-CWS-VICIS_EMANON2-NDCG-SURROGATE-C@0.8
0.3655732264316404,USER_PREF,SVD,AGGLO,LIN,CWS,VICIS_EMANON2,NDCG,SURROGATE,C@0.9,SVD-AGGLO-LIN-CWS-VICIS_EMANON2-NDCG-SURROGATE-C@0.9
0.21868405022858595,USERS_CAND_ITEMS,SVD,AGGLO,LIN,CWS,VICIS_EMANON2,NDCG,SURROGATE,C@0.9,SVD-AGGLO-LIN-CWS-VICIS_EMANON2-NDCG-SURROGATE-C@0.9
0.12095172657877784,USERS_REC_LISTS,SVD,AGGLO,LIN,CWS,VICIS_EMANON2,NDCG,SURROGATE,C@0.9,SVD-AGGLO-LIN-CWS-VICIS_EMANON2-NDCG-SURROGATE-C@0.9
0.3655732264316404,USER_PREF,SVD,AGGLO,LIN,CWS,VICIS_EMANON2,NDCG,SURROGATE,C@1.0,SVD-AGGLO-LIN-CWS-VICIS_EMANON2-NDCG-SURROGATE-C@1.0
0.21868405022858595,USERS_CAND_ITEMS,SVD,AGGLO,LIN,CWS,VICIS_EMANON2,NDCG,SURROGATE,C@1.0,SVD-AGGLO-LIN-CWS-VICIS_EMANON2-NDCG-SURROGATE-C@1.0
0.12373982995002732,USERS_REC_LISTS,SVD,AGGLO,LIN,CWS,VICIS_EMANON2,NDCG,SURROGATE,C@1.0,SVD-AGGLO-LIN-CWS-VICIS_EMANON2-NDCG-SURROGATE-C@1.0
0.3711113562427803,USER_PREF,SVD,SPECTRAL,LIN,CWS,VICIS_EMANON2,NDCG,SURROGATE,VAR,SVD-SPECTRAL-LIN-CWS-VICIS_EMANON2-NDCG-SURROGATE-VAR
0.2281020120482018,USERS_CAND_ITEMS,SVD,SPECTRAL,LIN,CWS,VICIS_EMANON2,NDCG,SURROGATE,VAR,SVD-SPECTRAL-LIN-CWS-VICIS_EMANON2-NDCG-SURROGATE-VAR
0.14120123008991922,USERS_REC_LISTS,SVD,SPECTRAL,LIN,CWS,VICIS_EMANON2,NDCG,SURROGATE,VAR,SVD-SPECTRAL-LIN-CWS-VICIS_EMANON2-NDCG-SURROGATE-VAR
0.3711113562427803,USER_PREF,SVD,SPECTRAL,LIN,CWS,VICIS_EMANON2,NDCG,SURROGATE,CGR,SVD-SPECTRAL-LIN-CWS-VICIS_EMANON2-NDCG-SURROGATE-CGR
0.2281020120482018,USERS_CAND_ITEMS,SVD,SPECTRAL,LIN,CWS,VICIS_EMANON2,NDCG,SURROGATE,CGR,SVD-SPECTRAL-LIN-CWS-VICIS_EMANON2-NDCG-SURROGATE-CGR
0.13947099090175857,USERS_REC_LISTS,SVD,SPECTRAL,LIN,CWS,VICIS_EMANON2,NDCG,SURROGATE,CGR,SVD-SPECTRAL-LIN-CWS-VICIS_EMANON2-NDCG-SURROGATE-CGR
0.3723267228642422,USER_PREF,SVD,SPECTRAL,LIN,CWS,VICIS_EMANON2,NDCG,SURROGATE,C@0.0,SVD-SPECTRAL-LIN-CWS-VICIS_EMANON2-NDCG-SURROGATE-C@0.0
0.2281020120482018,USERS_CAND_ITEMS,SVD,SPECTRAL,LIN,CWS,VICIS_EMANON2,NDCG,SURROGATE,C@0.0,SVD-SPECTRAL-LIN-CWS-VICIS_EMANON2-NDCG-SURROGATE-C@0.0
0.30802636125132915,USERS_REC_LISTS,SVD,SPECTRAL,LIN,CWS,VICIS_EMANON2,NDCG,SURROGATE,C@0.0,SVD-SPECTRAL-LIN-CWS-VICIS_EMANON2-NDCG-SURROGATE-C@0.0
0.3711113562427803,USER_PREF,SVD,SPECTRAL,LIN,CWS,VICIS_EMANON2,NDCG,SURROGATE,C@0.1,SVD-SPECTRAL-LIN-CWS-VICIS_EMANON2-NDCG-SURROGATE-C@0.1
0.2281020120482018,USERS_CAND_ITEMS,SVD,SPECTRAL,LIN,CWS,VICIS_EMANON2,NDCG,SURROGATE,C@0.1,SVD-SPECTRAL-LIN-CWS-VICIS_EMANON2-NDCG-SURROGATE-C@0.1
0.13951538247867568,USERS_REC_LISTS,SVD,SPECTRAL,LIN,CWS,VICIS_EMANON2,NDCG,SURROGATE,C@0.1,SVD-SPECTRAL-LIN-CWS-VICIS_EMANON2-NDCG-SURROGATE-C@0.1
0.3711113562427803,USER_PREF,SVD,SPECTRAL,LIN,CWS,VICIS_EMANON2,NDCG,SURROGATE,C@0.2,SVD-SPECTRAL-LIN-CWS-VICIS_EMANON2-NDCG-SURROGATE-C@0.2
0.2281020120482018,USERS_CAND_ITEMS,SVD,SPECTRAL,LIN,CWS,VICIS_EMANON2,NDCG,SURROGATE,C@0.2,SVD-SPECTRAL-LIN-CWS-VICIS_EMANON2-NDCG-SURROGATE-C@0.2
0.14048805849002569,USERS_REC_LISTS,SVD,SPECTRAL,LIN,CWS,VICIS_EMANON2,NDCG,SURROGATE,C@0.2,SVD-SPECTRAL-LIN-CWS-VICIS_EMANON2-NDCG-SURROGATE-C@0.2
0.3711113562427803,USER_PREF,SVD,SPECTRAL,LIN,CWS,VICIS_EMANON2,NDCG,SURROGATE,C@0.3,SVD-SPECTRAL-LIN-CWS-VICIS_EMANON2-NDCG-SURROGATE-C@0.3
0.2281020120482018,USERS_CAND_ITEMS,SVD,SPECTRAL,LIN,CWS,VICIS_EMANON2,NDCG,SURROGATE,C@0.3,SVD-SPECTRAL-LIN-CWS-VICIS_EMANON2-NDCG-SURROGATE-C@0.3
0.14185331348627844,USERS_REC_LISTS,SVD,SPECTRAL,LIN,CWS,VICIS_EMANON2,NDCG,SURROGATE,C@0.3,SVD-SPECTRAL-LIN-CWS-VICIS_EMANON2-NDCG-SURROGATE-C@0.3
0.3723267228642422,USER_PREF,SVD,SPECTRAL,LIN,CWS,VICIS_EMANON2,NDCG,SURROGATE,C@0.4,SVD-SPECTRAL-LIN-CWS-VICIS_EMANON2-NDCG-SURROGATE-C@0.4
0.2281020120482018,USERS_CAND_ITEMS,SVD,SPECTRAL,LIN,CWS,VICIS_EMANON2,NDCG,SURROGATE,C@0.4,SVD-SPECTRAL-LIN-CWS-VICIS_EMANON2-NDCG-SURROGATE-C@0.4
0.14041183566659643,USERS_REC_LISTS,SVD,SPECTRAL,LIN,CWS,VICIS_EMANON2,NDCG,SURROGATE,C@0.4,SVD-SPECTRAL-LIN-CWS-VICIS_EMANON2-NDCG-SURROGATE-C@0.4
0.3723267228642422,USER_PREF,SVD,SPECTRAL,LIN,CWS,VICIS_EMANON2,NDCG,SURROGATE,C@0.5,SVD-SPECTRAL-LIN-CWS-VICIS_EMANON2-NDCG-SURROGATE-C@0.5
0.2281020120482018,USERS_CAND_ITEMS,SVD,SPECTRAL,LIN,CWS,VICIS_EMANON2,NDCG,SURROGATE,C@0.5,SVD-SPECTRAL-LIN-CWS-VICIS_EMANON2-NDCG-SURROGATE-C@0.5
0.1409840485977039,USERS_REC_LISTS,SVD,SPECTRAL,LIN,CWS,VICIS_EMANON2,NDCG,SURROGATE,C@0.5,SVD-SPECTRAL-LIN-CWS-VICIS_EMANON2-NDCG-SURROGATE-C@0.5
0.3723267228642422,USER_PREF,SVD,SPECTRAL,LIN,CWS,VICIS_EMANON2,NDCG,SURROGATE,C@0.6,SVD-SPECTRAL-LIN-CWS-VICIS_EMANON2-NDCG-SURROGATE-C@0.6
0.2281020120482018,USERS_CAND_ITEMS,SVD,SPECTRAL,LIN,CWS,VICIS_EMANON2,NDCG,SURROGATE,C@0.6,SVD-SPECTRAL-LIN-CWS-VICIS_EMANON2-NDCG-SURROGATE-C@0.6
0.14096874605439666,USERS_REC_LISTS,SVD,SPECTRAL,LIN,CWS,VICIS_EMANON2,NDCG,SURROGATE,C@0.6,SVD-SPECTRAL-LIN-CWS-VICIS_EMANON2-NDCG-SURROGATE-C@0.6
0.3711113562427803,USER_PREF,SVD,SPECTRAL,LIN,CWS,VICIS_EMANON2,NDCG,SURROGATE,C@0.7,SVD-SPECTRAL-LIN-CWS-VICIS_EMANON2-NDCG-SURROGATE-C@0.7
0.2281020120482018,USERS_CAND_ITEMS,SVD,SPECTRAL,LIN,CWS,VICIS_EMANON2,NDCG,SURROGATE,C@0.7,SVD-SPECTRAL-LIN-CWS-VICIS_EMANON2-NDCG-SURROGATE-C@0.7
0.1405229394275782,USERS_REC_LISTS,SVD,SPECTRAL,LIN,CWS,VICIS_EMANON2,NDCG,SURROGATE,C@0.7,SVD-SPECTRAL-LIN-CWS-VICIS_EMANON2-NDCG-SURROGATE-C@0.7
0.3723267228642422,USER_PREF,SVD,SPECTRAL,LIN,CWS,VICIS_EMANON2,NDCG,SURROGATE,C@0.8,SVD-SPECTRAL-LIN-CWS-VICIS_EMANON2-NDCG-SURROGATE-C@0.8
0.2281020120482018,USERS_CAND_ITEMS,SVD,SPECTRAL,LIN,CWS,VICIS_EMANON2,NDCG,SURROGATE,C@0.8,SVD-SPECTRAL-LIN-CWS-VICIS_EMANON2-NDCG-SURROGATE-C@0.8
0.140474888552735,USERS_REC_LISTS,SVD,SPECTRAL,LIN,CWS,VICIS_EMANON2,NDCG,SURROGATE,C@0.8,SVD-SPECTRAL-LIN-CWS-VICIS_EMANON2-NDCG-SURROGATE-C@0.8
0.3711113562427803,USER_PREF,SVD,SPECTRAL,LIN,CWS,VICIS_EMANON2,NDCG,SURROGATE,C@0.9,SVD-SPECTRAL-LIN-CWS-VICIS_EMANON2-NDCG-SURROGATE-C@0.9
0.2281020120482018,USERS_CAND_ITEMS,SVD,SPECTRAL,LIN,CWS,VICIS_EMANON2,NDCG,SURROGATE,C@0.9,SVD-SPECTRAL-LIN-CWS-VICIS_EMANON2-NDCG-SURROGATE-C@0.9
0.1408899085548062,USERS_REC_LISTS,SVD,SPECTRAL,LIN,CWS,VICIS_EMANON2,NDCG,SURROGATE,C@0.9,SVD-SPECTRAL-LIN-CWS-VICIS_EMANON2-NDCG-SURROGATE-C@0.9
0.3723267228642422,USER_PREF,SVD,SPECTRAL,LIN,CWS,VICIS_EMANON2,NDCG,SURROGATE,C@1.0,SVD-SPECTRAL-LIN-CWS-VICIS_EMANON2-NDCG-SURROGATE-C@1.0
0.2281020120482018,USERS_CAND_ITEMS,SVD,SPECTRAL,LIN,CWS,VICIS_EMANON2,NDCG,SURROGATE,C@1.0,SVD-SPECTRAL-LIN-CWS-VICIS_EMANON2-NDCG-SURROGATE-C@1.0
0.13947099090175857,USERS_REC_LISTS,SVD,SPECTRAL,LIN,CWS,VICIS_EMANON2,NDCG,SURROGATE,C@1.0,SVD-SPECTRAL-LIN-CWS-VICIS_EMANON2-NDCG-SURROGATE-C@1.0
0.13851320226344993,USER_PREF,SVD,FCM,LIN,CWS,VICIS_EMANON2,NDCG,SURROGATE,VAR,SVD-FCM-LIN-CWS-VICIS_EMANON2-NDCG-SURROGATE-VAR
0.11380496556026574,USERS_CAND_ITEMS,SVD,FCM,LIN,CWS,VICIS_EMANON2,NDCG,SURROGATE,VAR,SVD-FCM-LIN-CWS-VICIS_EMANON2-NDCG-SURROGATE-VAR
0.11762136161710399,USERS_REC_LISTS,SVD,FCM,LIN,CWS,VICIS_EMANON2,NDCG,SURROGATE,VAR,SVD-FCM-LIN-CWS-VICIS_EMANON2-NDCG-SURROGATE-VAR
0.13851320226344993,USER_PREF,SVD,FCM,LIN,CWS,VICIS_EMANON2,NDCG,SURROGATE,CGR,SVD-FCM-LIN-CWS-VICIS_EMANON2-NDCG-SURROGATE-CGR
0.09663114115000249,USERS_CAND_ITEMS,SVD,FCM,LIN,CWS,VICIS_EMANON2,NDCG,SURROGATE,CGR,SVD-FCM-LIN-CWS-VICIS_EMANON2-NDCG-SURROGATE-CGR
0.11260771379713885,USERS_REC_LISTS,SVD,FCM,LIN,CWS,VICIS_EMANON2,NDCG,SURROGATE,CGR,SVD-FCM-LIN-CWS-VICIS_EMANON2-NDCG-SURROGATE-CGR
0.13851320226344993,USER_PREF,SVD,FCM,LIN,CWS,VICIS_EMANON2,NDCG,SURROGATE,C@0.0,SVD-FCM-LIN-CWS-VICIS_EMANON2-NDCG-SURROGATE-C@0.0
0.11380496556026574,USERS_CAND_ITEMS,SVD,FCM,LIN,CWS,VICIS_EMANON2,NDCG,SURROGATE,C@0.0,SVD-FCM-LIN-CWS-VICIS_EMANON2-NDCG-SURROGATE-C@0.0
0.16077003639765602,USERS_REC_LISTS,SVD,FCM,LIN,CWS,VICIS_EMANON2,NDCG,SURROGATE,C@0.0,SVD-FCM-LIN-CWS-VICIS_EMANON2-NDCG-SURROGATE-C@0.0
0.13851320226344993,USER_PREF,SVD,FCM,LIN,CWS,VICIS_EMANON2,NDCG,SURROGATE,C@0.1,SVD-FCM-LIN-CWS-VICIS_EMANON2-NDCG-SURROGATE-C@0.1
0.11380496556026574,USERS_CAND_ITEMS,SVD,FCM,LIN,CWS,VICIS_EMANON2,NDCG,SURROGATE,C@0.1,SVD-FCM-LIN-CWS-VICIS_EMANON2-NDCG-SURROGATE-C@0.1
0.13132779932632552,USERS_REC_LISTS,SVD,FCM,LIN,CWS,VICIS_EMANON2,NDCG,SURROGATE,C@0.1,SVD-FCM-LIN-CWS-VICIS_EMANON2-NDCG-SURROGATE-C@0.1
0.13851320226344993,USER_PREF,SVD,FCM,LIN,CWS,VICIS_EMANON2,NDCG,SURROGATE,C@0.2,SVD-FCM-LIN-CWS-VICIS_EMANON2-NDCG-SURROGATE-C@0.2
0.11070306510021775,USERS_CAND_ITEMS,SVD,FCM,LIN,CWS,VICIS_EMANON2,NDCG,SURROGATE,C@0.2,SVD-FCM-LIN-CWS-VICIS_EMANON2-NDCG-SURROGATE-C@0.2
0.1392347168261274,USERS_REC_LISTS,SVD,FCM,LIN,CWS,VICIS_EMANON2,NDCG,SURROGATE,C@0.2,SVD-FCM-LIN-CWS-VICIS_EMANON2-NDCG-SURROGATE-C@0.2
0.13851320226344993,USER_PREF,SVD,FCM,LIN,CWS,VICIS_EMANON2,NDCG,SURROGATE,C@0.3,SVD-FCM-LIN-CWS-VICIS_EMANON2-NDCG-SURROGATE-C@0.3
0.11380496556026574,USERS_CAND_ITEMS,SVD,FCM,LIN,CWS,VICIS_EMANON2,NDCG,SURROGATE,C@0.3,SVD-FCM-LIN-CWS-VICIS_EMANON2-NDCG-SURROGATE-C@0.3
0.11794385543333374,USERS_REC_LISTS,SVD,FCM,LIN,CWS,VICIS_EMANON2,NDCG,SURROGATE,C@0.3,SVD-FCM-LIN-CWS-VICIS_EMANON2-NDCG-SURROGATE-C@0.3
0.13851320226344993,USER_PREF,SVD,FCM,LIN,CWS,VICIS_EMANON2,NDCG,SURROGATE,C@0.4,SVD-FCM-LIN-CWS-VICIS_EMANON2-NDCG-SURROGATE-C@0.4
0.11380496556026574,USERS_CAND_ITEMS,SVD,FCM,LIN,CWS,VICIS_EMANON2,NDCG,SURROGATE,C@0.4,SVD-FCM-LIN-CWS-VICIS_EMANON2-NDCG-SURROGATE-C@0.4
0.11261989996990618,USERS_REC_LISTS,SVD,FCM,LIN,CWS,VICIS_EMANON2,NDCG,SURROGATE,C@0.4,SVD-FCM-LIN-CWS-VICIS_EMANON2-NDCG-SURROGATE-C@0.4
0.13851320226344993,USER_PREF,SVD,FCM,LIN,CWS,VICIS_EMANON2,NDCG,SURROGATE,C@0.5,SVD-FCM-LIN-CWS-VICIS_EMANON2-NDCG-SURROGATE-C@0.5
0.11070306510021775,USERS_CAND_ITEMS,SVD,FCM,LIN,CWS,VICIS_EMANON2,NDCG,SURROGATE,C@0.5,SVD-FCM-LIN-CWS-VICIS_EMANON2-NDCG-SURROGATE-C@0.5
0.13923623230267163,USERS_REC_LISTS,SVD,FCM,LIN,CWS,VICIS_EMANON2,NDCG,SURROGATE,C@0.5,SVD-FCM-LIN-CWS-VICIS_EMANON2-NDCG-SURROGATE-C@0.5
0.13851320226344993,USER_PREF,SVD,FCM,LIN,CWS,VICIS_EMANON2,NDCG,SURROGATE,C@0.6,SVD-FCM-LIN-CWS-VICIS_EMANON2-NDCG-SURROGATE-C@0.6
0.11330480819371307,USERS_CAND_ITEMS,SVD,FCM,LIN,CWS,VICIS_EMANON2,NDCG,SURROGATE,C@0.6,SVD-FCM-LIN-CWS-VICIS_EMANON2-NDCG-SURROGATE-C@0.6
0.10617977611478642,USERS_REC_LISTS,SVD,FCM,LIN,CWS,VICIS_EMANON2,NDCG,SURROGATE,C@0.6,SVD-FCM-LIN-CWS-VICIS_EMANON2-NDCG-SURROGATE-C@0.6
0.13851320226344993,USER_PREF,SVD,FCM,LIN,CWS,VICIS_EMANON2,NDCG,SURROGATE,C@0.7,SVD-FCM-LIN-CWS-VICIS_EMANON2-NDCG-SURROGATE-C@0.7
0.11223172066754517,USERS_CAND_ITEMS,SVD,FCM,LIN,CWS,VICIS_EMANON2,NDCG,SURROGATE,C@0.7,SVD-FCM-LIN-CWS-VICIS_EMANON2-NDCG-SURROGATE-C@0.7
0.12340986338506724,USERS_REC_LISTS,SVD,FCM,LIN,CWS,VICIS_EMANON2,NDCG,SURROGATE,C@0.7,SVD-FCM-LIN-CWS-VICIS_EMANON2-NDCG-SURROGATE-C@0.7
0.13851320226344993,USER_PREF,SVD,FCM,LIN,CWS,VICIS_EMANON2,NDCG,SURROGATE,C@0.8,SVD-FCM-LIN-CWS-VICIS_EMANON2-NDCG-SURROGATE-C@0.8
0.11070306510021775,USERS_CAND_ITEMS,SVD,FCM,LIN,CWS,VICIS_EMANON2,NDCG,SURROGATE,C@0.8,SVD-FCM-LIN-CWS-VICIS_EMANON2-NDCG-SURROGATE-C@0.8
0.1390885942081055,USERS_REC_LISTS,SVD,FCM,LIN,CWS,VICIS_EMANON2,NDCG,SURROGATE,C@0.8,SVD-FCM-LIN-CWS-VICIS_EMANON2-NDCG-SURROGATE-C@0.8
0.13851320226344993,USER_PREF,SVD,FCM,LIN,CWS,VICIS_EMANON2,NDCG,SURROGATE,C@0.9,SVD-FCM-LIN-CWS-VICIS_EMANON2-NDCG-SURROGATE-C@0.9
0.11380496556026574,USERS_CAND_ITEMS,SVD,FCM,LIN,CWS,VICIS_EMANON2,NDCG,SURROGATE,C@0.9,SVD-FCM-LIN-CWS-VICIS_EMANON2-NDCG-SURROGATE-C@0.9
0.1389900392946672,USERS_REC_LISTS,SVD,FCM,LIN,CWS,VICIS_EMANON2,NDCG,SURROGATE,C@0.9,SVD-FCM-LIN-CWS-VICIS_EMANON2-NDCG-SURROGATE-C@0.9
0.13851320226344993,USER_PREF,SVD,FCM,LIN,CWS,VICIS_EMANON2,NDCG,SURROGATE,C@1.0,SVD-FCM-LIN-CWS-VICIS_EMANON2-NDCG-SURROGATE-C@1.0
0.09722716116547324,USERS_CAND_ITEMS,SVD,FCM,LIN,CWS,VICIS_EMANON2,NDCG,SURROGATE,C@1.0,SVD-FCM-LIN-CWS-VICIS_EMANON2-NDCG-SURROGATE-C@1.0
0.1372322072702759,USERS_REC_LISTS,SVD,FCM,LIN,CWS,VICIS_EMANON2,NDCG,SURROGATE,C@1.0,SVD-FCM-LIN-CWS-VICIS_EMANON2-NDCG-SURROGATE-C@1.0
0.3648294819024261,USER_PREF,SVD,BIRCH,LIN,CWS,VICIS_EMANON2,NDCG,SURROGATE,VAR,SVD-BIRCH-LIN-CWS-VICIS_EMANON2-NDCG-SURROGATE-VAR
0.17509311968352573,USERS_CAND_ITEMS,SVD,BIRCH,LIN,CWS,VICIS_EMANON2,NDCG,SURROGATE,VAR,SVD-BIRCH-LIN-CWS-VICIS_EMANON2-NDCG-SURROGATE-VAR
0.11554570073457143,USERS_REC_LISTS,SVD,BIRCH,LIN,CWS,VICIS_EMANON2,NDCG,SURROGATE,VAR,SVD-BIRCH-LIN-CWS-VICIS_EMANON2-NDCG-SURROGATE-VAR
0.3648294819024261,USER_PREF,SVD,BIRCH,LIN,CWS,VICIS_EMANON2,NDCG,SURROGATE,CGR,SVD-BIRCH-LIN-CWS-VICIS_EMANON2-NDCG-SURROGATE-CGR
0.17509311968352573,USERS_CAND_ITEMS,SVD,BIRCH,LIN,CWS,VICIS_EMANON2,NDCG,SURROGATE,CGR,SVD-BIRCH-LIN-CWS-VICIS_EMANON2-NDCG-SURROGATE-CGR
0.1122003848033121,USERS_REC_LISTS,SVD,BIRCH,LIN,CWS,VICIS_EMANON2,NDCG,SURROGATE,CGR,SVD-BIRCH-LIN-CWS-VICIS_EMANON2-NDCG-SURROGATE-CGR
0.3648294819024261,USER_PREF,SVD,BIRCH,LIN,CWS,VICIS_EMANON2,NDCG,SURROGATE,C@0.0,SVD-BIRCH-LIN-CWS-VICIS_EMANON2-NDCG-SURROGATE-C@0.0
0.17509311968352573,USERS_CAND_ITEMS,SVD,BIRCH,LIN,CWS,VICIS_EMANON2,NDCG,SURROGATE,C@0.0,SVD-BIRCH-LIN-CWS-VICIS_EMANON2-NDCG-SURROGATE-C@0.0
0.3240193753227199,USERS_REC_LISTS,SVD,BIRCH,LIN,CWS,VICIS_EMANON2,NDCG,SURROGATE,C@0.0,SVD-BIRCH-LIN-CWS-VICIS_EMANON2-NDCG-SURROGATE-C@0.0
0.3648294819024261,USER_PREF,SVD,BIRCH,LIN,CWS,VICIS_EMANON2,NDCG,SURROGATE,C@0.1,SVD-BIRCH-LIN-CWS-VICIS_EMANON2-NDCG-SURROGATE-C@0.1
0.17509311968352573,USERS_CAND_ITEMS,SVD,BIRCH,LIN,CWS,VICIS_EMANON2,NDCG,SURROGATE,C@0.1,SVD-BIRCH-LIN-CWS-VICIS_EMANON2-NDCG-SURROGATE-C@0.1
0.11927795616095328,USERS_REC_LISTS,SVD,BIRCH,LIN,CWS,VICIS_EMANON2,NDCG,SURROGATE,C@0.1,SVD-BIRCH-LIN-CWS-VICIS_EMANON2-NDCG-SURROGATE-C@0.1
0.3648294819024261,USER_PREF,SVD,BIRCH,LIN,CWS,VICIS_EMANON2,NDCG,SURROGATE,C@0.2,SVD-BIRCH-LIN-CWS-VICIS_EMANON2-NDCG-SURROGATE-C@0.2
0.17509311968352573,USERS_CAND_ITEMS,SVD,BIRCH,LIN,CWS,VICIS_EMANON2,NDCG,SURROGATE,C@0.2,SVD-BIRCH-LIN-CWS-VICIS_EMANON2-NDCG-SURROGATE-C@0.2
0.10984314887804546,USERS_REC_LISTS,SVD,BIRCH,LIN,CWS,VICIS_EMANON2,NDCG,SURROGATE,C@0.2,SVD-BIRCH-LIN-CWS-VICIS_EMANON2-NDCG-SURROGATE-C@0.2
0.3648294819024261,USER_PREF,SVD,BIRCH,LIN,CWS,VICIS_EMANON2,NDCG,SURROGATE,C@0.3,SVD-BIRCH-LIN-CWS-VICIS_EMANON2-NDCG-SURROGATE-C@0.3
0.17509311968352573,USERS_CAND_ITEMS,SVD,BIRCH,LIN,CWS,VICIS_EMANON2,NDCG,SURROGATE,C@0.3,SVD-BIRCH-LIN-CWS-VICIS_EMANON2-NDCG-SURROGATE-C@0.3
0.10870751034114898,USERS_REC_LISTS,SVD,BIRCH,LIN,CWS,VICIS_EMANON2,NDCG,SURROGATE,C@0.3,SVD-BIRCH-LIN-CWS-VICIS_EMANON2-NDCG-SURROGATE-C@0.3
0.3648294819024261,USER_PREF,SVD,BIRCH,LIN,CWS,VICIS_EMANON2,NDCG,SURROGATE,C@0.4,SVD-BIRCH-LIN-CWS-VICIS_EMANON2-NDCG-SURROGATE-C@0.4
0.17509311968352573,USERS_CAND_ITEMS,SVD,BIRCH,LIN,CWS,VICIS_EMANON2,NDCG,SURROGATE,C@0.4,SVD-BIRCH-LIN-CWS-VICIS_EMANON2-NDCG-SURROGATE-C@0.4
0.11716148585864246,USERS_REC_LISTS,SVD,BIRCH,LIN,CWS,VICIS_EMANON2,NDCG,SURROGATE,C@0.4,SVD-BIRCH-LIN-CWS-VICIS_EMANON2-NDCG-SURROGATE-C@0.4
0.3648294819024261,USER_PREF,SVD,BIRCH,LIN,CWS,VICIS_EMANON2,NDCG,SURROGATE,C@0.5,SVD-BIRCH-LIN-CWS-VICIS_EMANON2-NDCG-SURROGATE-C@0.5
0.17509311968352573,USERS_CAND_ITEMS,SVD,BIRCH,LIN,CWS,VICIS_EMANON2,NDCG,SURROGATE,C@0.5,SVD-BIRCH-LIN-CWS-VICIS_EMANON2-NDCG-SURROGATE-C@0.5
0.10872430441957882,USERS_REC_LISTS,SVD,BIRCH,LIN,CWS,VICIS_EMANON2,NDCG,SURROGATE,C@0.5,SVD-BIRCH-LIN-CWS-VICIS_EMANON2-NDCG-SURROGATE-C@0.5
0.3648294819024261,USER_PREF,SVD,BIRCH,LIN,CWS,VICIS_EMANON2,NDCG,SURROGATE,C@0.6,SVD-BIRCH-LIN-CWS-VICIS_EMANON2-NDCG-SURROGATE-C@0.6
0.17509311968352573,USERS_CAND_ITEMS,SVD,BIRCH,LIN,CWS,VICIS_EMANON2,NDCG,SURROGATE,C@0.6,SVD-BIRCH-LIN-CWS-VICIS_EMANON2-NDCG-SURROGATE-C@0.6
0.11860062053121667,USERS_REC_LISTS,SVD,BIRCH,LIN,CWS,VICIS_EMANON2,NDCG,SURROGATE,C@0.6,SVD-BIRCH-LIN-CWS-VICIS_EMANON2-NDCG-SURROGATE-C@0.6
0.3648294819024261,USER_PREF,SVD,BIRCH,LIN,CWS,VICIS_EMANON2,NDCG,SURROGATE,C@0.7,SVD-BIRCH-LIN-CWS-VICIS_EMANON2-NDCG-SURROGATE-C@0.7
0.17509311968352573,USERS_CAND_ITEMS,SVD,BIRCH,LIN,CWS,VICIS_EMANON2,NDCG,SURROGATE,C@0.7,SVD-BIRCH-LIN-CWS-VICIS_EMANON2-NDCG-SURROGATE-C@0.7
0.11657200330829924,USERS_REC_LISTS,SVD,BIRCH,LIN,CWS,VICIS_EMANON2,NDCG,SURROGATE,C@0.7,SVD-BIRCH-LIN-CWS-VICIS_EMANON2-NDCG-SURROGATE-C@0.7
0.3648294819024261,USER_PREF,SVD,BIRCH,LIN,CWS,VICIS_EMANON2,NDCG,SURROGATE,C@0.8,SVD-BIRCH-LIN-CWS-VICIS_EMANON2-NDCG-SURROGATE-C@0.8
0.17509311968352573,USERS_CAND_ITEMS,SVD,BIRCH,LIN,CWS,VICIS_EMANON2,NDCG,SURROGATE,C@0.8,SVD-BIRCH-LIN-CWS-VICIS_EMANON2-NDCG-SURROGATE-C@0.8
0.11496278170879208,USERS_REC_LISTS,SVD,BIRCH,LIN,CWS,VICIS_EMANON2,NDCG,SURROGATE,C@0.8,SVD-BIRCH-LIN-CWS-VICIS_EMANON2-NDCG-SURROGATE-C@0.8
0.3648294819024261,USER_PREF,SVD,BIRCH,LIN,CWS,VICIS_EMANON2,NDCG,SURROGATE,C@0.9,SVD-BIRCH-LIN-CWS-VICIS_EMANON2-NDCG-SURROGATE-C@0.9
0.17509311968352573,USERS_CAND_ITEMS,SVD,BIRCH,LIN,CWS,VICIS_EMANON2,NDCG,SURROGATE,C@0.9,SVD-BIRCH-LIN-CWS-VICIS_EMANON2-NDCG-SURROGATE-C@0.9
0.10927143673295889,USERS_REC_LISTS,SVD,BIRCH,LIN,CWS,VICIS_EMANON2,NDCG,SURROGATE,C@0.9,SVD-BIRCH-LIN-CWS-VICIS_EMANON2-NDCG-SURROGATE-C@0.9
0.3648294819024261,USER_PREF,SVD,BIRCH,LIN,CWS,VICIS_EMANON2,NDCG,SURROGATE,C@1.0,SVD-BIRCH-LIN-CWS-VICIS_EMANON2-NDCG-SURROGATE-C@1.0
0.17509311968352573,USERS_CAND_ITEMS,SVD,BIRCH,LIN,CWS,VICIS_EMANON2,NDCG,SURROGATE,C@1.0,SVD-BIRCH-LIN-CWS-VICIS_EMANON2-NDCG-SURROGATE-C@1.0
0.1122003848033121,USERS_REC_LISTS,SVD,BIRCH,LIN,CWS,VICIS_EMANON2,NDCG,SURROGATE,C@1.0,SVD-BIRCH-LIN-CWS-VICIS_EMANON2-NDCG-SURROGATE-C@1.0
0.21708473338492243,USER_PREF,SVD,GAUSSIAN,LIN,CWS,VICIS_EMANON2,NDCG,SURROGATE,VAR,SVD-GAUSSIAN-LIN-CWS-VICIS_EMANON2-NDCG-SURROGATE-VAR
0.17973519774913957,USERS_CAND_ITEMS,SVD,GAUSSIAN,LIN,CWS,VICIS_EMANON2,NDCG,SURROGATE,VAR,SVD-GAUSSIAN-LIN-CWS-VICIS_EMANON2-NDCG-SURROGATE-VAR
0.10578514490218244,USERS_REC_LISTS,SVD,GAUSSIAN,LIN,CWS,VICIS_EMANON2,NDCG,SURROGATE,VAR,SVD-GAUSSIAN-LIN-CWS-VICIS_EMANON2-NDCG-SURROGATE-VAR
0.2253814193433611,USER_PREF,SVD,GAUSSIAN,LIN,CWS,VICIS_EMANON2,NDCG,SURROGATE,CGR,SVD-GAUSSIAN-LIN-CWS-VICIS_EMANON2-NDCG-SURROGATE-CGR
0.16184013885520487,USERS_CAND_ITEMS,SVD,GAUSSIAN,LIN,CWS,VICIS_EMANON2,NDCG,SURROGATE,CGR,SVD-GAUSSIAN-LIN-CWS-VICIS_EMANON2-NDCG-SURROGATE-CGR
0.11705164525536645,USERS_REC_LISTS,SVD,GAUSSIAN,LIN,CWS,VICIS_EMANON2,NDCG,SURROGATE,CGR,SVD-GAUSSIAN-LIN-CWS-VICIS_EMANON2-NDCG-SURROGATE-CGR
0.22420229385251858,USER_PREF,SVD,GAUSSIAN,LIN,CWS,VICIS_EMANON2,NDCG,SURROGATE,C@0.0,SVD-GAUSSIAN-LIN-CWS-VICIS_EMANON2-NDCG-SURROGATE-C@0.0
0.16176512440482224,USERS_CAND_ITEMS,SVD,GAUSSIAN,LIN,CWS,VICIS_EMANON2,NDCG,SURROGATE,C@0.0,SVD-GAUSSIAN-LIN-CWS-VICIS_EMANON2-NDCG-SURROGATE-C@0.0
0.227264094162454,USERS_REC_LISTS,SVD,GAUSSIAN,LIN,CWS,VICIS_EMANON2,NDCG,SURROGATE,C@0.0,SVD-GAUSSIAN-LIN-CWS-VICIS_EMANON2-NDCG-SURROGATE-C@0.0
0.25583890442598173,USER_PREF,SVD,GAUSSIAN,LIN,CWS,VICIS_EMANON2,NDCG,SURROGATE,C@0.1,SVD-GAUSSIAN-LIN-CWS-VICIS_EMANON2-NDCG-SURROGATE-C@0.1
0.18315667138957722,USERS_CAND_ITEMS,SVD,GAUSSIAN,LIN,CWS,VICIS_EMANON2,NDCG,SURROGATE,C@0.1,SVD-GAUSSIAN-LIN-CWS-VICIS_EMANON2-NDCG-SURROGATE-C@0.1
0.1048753777944646,USERS_REC_LISTS,SVD,GAUSSIAN,LIN,CWS,VICIS_EMANON2,NDCG,SURROGATE,C@0.1,SVD-GAUSSIAN-LIN-CWS-VICIS_EMANON2-NDCG-SURROGATE-C@0.1
0.20420553822937684,USER_PREF,SVD,GAUSSIAN,LIN,CWS,VICIS_EMANON2,NDCG,SURROGATE,C@0.2,SVD-GAUSSIAN-LIN-CWS-VICIS_EMANON2-NDCG-SURROGATE-C@0.2
0.2065399980161853,USERS_CAND_ITEMS,SVD,GAUSSIAN,LIN,CWS,VICIS_EMANON2,NDCG,SURROGATE,C@0.2,SVD-GAUSSIAN-LIN-CWS-VICIS_EMANON2-NDCG-SURROGATE-C@0.2
0.10880066877770682,USERS_REC_LISTS,SVD,GAUSSIAN,LIN,CWS,VICIS_EMANON2,NDCG,SURROGATE,C@0.2,SVD-GAUSSIAN-LIN-CWS-VICIS_EMANON2-NDCG-SURROGATE-C@0.2
0.25839039771985206,USER_PREF,SVD,GAUSSIAN,LIN,CWS,VICIS_EMANON2,NDCG,SURROGATE,C@0.3,SVD-GAUSSIAN-LIN-CWS-VICIS_EMANON2-NDCG-SURROGATE-C@0.3
0.1911238932886049,USERS_CAND_ITEMS,SVD,GAUSSIAN,LIN,CWS,VICIS_EMANON2,NDCG,SURROGATE,C@0.3,SVD-GAUSSIAN-LIN-CWS-VICIS_EMANON2-NDCG-SURROGATE-C@0.3
0.08497742737358945,USERS_REC_LISTS,SVD,GAUSSIAN,LIN,CWS,VICIS_EMANON2,NDCG,SURROGATE,C@0.3,SVD-GAUSSIAN-LIN-CWS-VICIS_EMANON2-NDCG-SURROGATE-C@0.3
0.1931739124987741,USER_PREF,SVD,GAUSSIAN,LIN,CWS,VICIS_EMANON2,NDCG,SURROGATE,C@0.4,SVD-GAUSSIAN-LIN-CWS-VICIS_EMANON2-NDCG-SURROGATE-C@0.4
0.1804956579996498,USERS_CAND_ITEMS,SVD,GAUSSIAN,LIN,CWS,VICIS_EMANON2,NDCG,SURROGATE,C@0.4,SVD-GAUSSIAN-LIN-CWS-VICIS_EMANON2-NDCG-SURROGATE-C@0.4
0.10925456565436623,USERS_REC_LISTS,SVD,GAUSSIAN,LIN,CWS,VICIS_EMANON2,NDCG,SURROGATE,C@0.4,SVD-GAUSSIAN-LIN-CWS-VICIS_EMANON2-NDCG-SURROGATE-C@0.4
0.2534055242639663,USER_PREF,SVD,GAUSSIAN,LIN,CWS,VICIS_EMANON2,NDCG,SURROGATE,C@0.5,SVD-GAUSSIAN-LIN-CWS-VICIS_EMANON2-NDCG-SURROGATE-C@0.5
0.18699987081141095,USERS_CAND_ITEMS,SVD,GAUSSIAN,LIN,CWS,VICIS_EMANON2,NDCG,SURROGATE,C@0.5,SVD-GAUSSIAN-LIN-CWS-VICIS_EMANON2-NDCG-SURROGATE-C@0.5
0.10511818672295759,USERS_REC_LISTS,SVD,GAUSSIAN,LIN,CWS,VICIS_EMANON2,NDCG,SURROGATE,C@0.5,SVD-GAUSSIAN-LIN-CWS-VICIS_EMANON2-NDCG-SURROGATE-C@0.5
0.2503616359858451,USER_PREF,SVD,GAUSSIAN,LIN,CWS,VICIS_EMANON2,NDCG,SURROGATE,C@0.6,SVD-GAUSSIAN-LIN-CWS-VICIS_EMANON2-NDCG-SURROGATE-C@0.6
0.13501225050927823,USERS_CAND_ITEMS,SVD,GAUSSIAN,LIN,CWS,VICIS_EMANON2,NDCG,SURROGATE,C@0.6,SVD-GAUSSIAN-LIN-CWS-VICIS_EMANON2-NDCG-SURROGATE-C@0.6
0.10023824663021348,USERS_REC_LISTS,SVD,GAUSSIAN,LIN,CWS,VICIS_EMANON2,NDCG,SURROGATE,C@0.6,SVD-GAUSSIAN-LIN-CWS-VICIS_EMANON2-NDCG-SURROGATE-C@0.6
0.1841555387455175,USER_PREF,SVD,GAUSSIAN,LIN,CWS,VICIS_EMANON2,NDCG,SURROGATE,C@0.7,SVD-GAUSSIAN-LIN-CWS-VICIS_EMANON2-NDCG-SURROGATE-C@0.7
0.16410180345497033,USERS_CAND_ITEMS,SVD,GAUSSIAN,LIN,CWS,VICIS_EMANON2,NDCG,SURROGATE,C@0.7,SVD-GAUSSIAN-LIN-CWS-VICIS_EMANON2-NDCG-SURROGATE-C@0.7
0.09935695374390036,USERS_REC_LISTS,SVD,GAUSSIAN,LIN,CWS,VICIS_EMANON2,NDCG,SURROGATE,C@0.7,SVD-GAUSSIAN-LIN-CWS-VICIS_EMANON2-NDCG-SURROGATE-C@0.7
0.15126241642807187,USER_PREF,SVD,GAUSSIAN,LIN,CWS,VICIS_EMANON2,NDCG,SURROGATE,C@0.8,SVD-GAUSSIAN-LIN-CWS-VICIS_EMANON2-NDCG-SURROGATE-C@0.8
0.1842502344309464,USERS_CAND_ITEMS,SVD,GAUSSIAN,LIN,CWS,VICIS_EMANON2,NDCG,SURROGATE,C@0.8,SVD-GAUSSIAN-LIN-CWS-VICIS_EMANON2-NDCG-SURROGATE-C@0.8
0.08566583546433026,USERS_REC_LISTS,SVD,GAUSSIAN,LIN,CWS,VICIS_EMANON2,NDCG,SURROGATE,C@0.8,SVD-GAUSSIAN-LIN-CWS-VICIS_EMANON2-NDCG-SURROGATE-C@0.8
0.23483950550607233,USER_PREF,SVD,GAUSSIAN,LIN,CWS,VICIS_EMANON2,NDCG,SURROGATE,C@0.9,SVD-GAUSSIAN-LIN-CWS-VICIS_EMANON2-NDCG-SURROGATE-C@0.9
0.1708473525835623,USERS_CAND_ITEMS,SVD,GAUSSIAN,LIN,CWS,VICIS_EMANON2,NDCG,SURROGATE,C@0.9,SVD-GAUSSIAN-LIN-CWS-VICIS_EMANON2-NDCG-SURROGATE-C@0.9
0.10749040841485356,USERS_REC_LISTS,SVD,GAUSSIAN,LIN,CWS,VICIS_EMANON2,NDCG,SURROGATE,C@0.9,SVD-GAUSSIAN-LIN-CWS-VICIS_EMANON2-NDCG-SURROGATE-C@0.9
0.15968030420221654,USER_PREF,SVD,GAUSSIAN,LIN,CWS,VICIS_EMANON2,NDCG,SURROGATE,C@1.0,SVD-GAUSSIAN-LIN-CWS-VICIS_EMANON2-NDCG-SURROGATE-C@1.0
0.21116236165066188,USERS_CAND_ITEMS,SVD,GAUSSIAN,LIN,CWS,VICIS_EMANON2,NDCG,SURROGATE,C@1.0,SVD-GAUSSIAN-LIN-CWS-VICIS_EMANON2-NDCG-SURROGATE-C@1.0
0.09349790284555164,USERS_REC_LISTS,SVD,GAUSSIAN,LIN,CWS,VICIS_EMANON2,NDCG,SURROGATE,C@1.0,SVD-GAUSSIAN-LIN-CWS-VICIS_EMANON2-NDCG-SURROGATE-C@1.0
0.20724955817959537,USER_PREF,SVD,BAYESIAN,LIN,CWS,VICIS_EMANON2,NDCG,SURROGATE,VAR,SVD-BAYESIAN-LIN-CWS-VICIS_EMANON2-NDCG-SURROGATE-VAR
0.168634279458705,USERS_CAND_ITEMS,SVD,BAYESIAN,LIN,CWS,VICIS_EMANON2,NDCG,SURROGATE,VAR,SVD-BAYESIAN-LIN-CWS-VICIS_EMANON2-NDCG-SURROGATE-VAR
0.10055471778471266,USERS_REC_LISTS,SVD,BAYESIAN,LIN,CWS,VICIS_EMANON2,NDCG,SURROGATE,VAR,SVD-BAYESIAN-LIN-CWS-VICIS_EMANON2-NDCG-SURROGATE-VAR
0.1302620462122969,USER_PREF,SVD,BAYESIAN,LIN,CWS,VICIS_EMANON2,NDCG,SURROGATE,CGR,SVD-BAYESIAN-LIN-CWS-VICIS_EMANON2-NDCG-SURROGATE-CGR
0.14262635231633053,USERS_CAND_ITEMS,SVD,BAYESIAN,LIN,CWS,VICIS_EMANON2,NDCG,SURROGATE,CGR,SVD-BAYESIAN-LIN-CWS-VICIS_EMANON2-NDCG-SURROGATE-CGR
0.09130178899888577,USERS_REC_LISTS,SVD,BAYESIAN,LIN,CWS,VICIS_EMANON2,NDCG,SURROGATE,CGR,SVD-BAYESIAN-LIN-CWS-VICIS_EMANON2-NDCG-SURROGATE-CGR
0.2241102815760115,USER_PREF,SVD,BAYESIAN,LIN,CWS,VICIS_EMANON2,NDCG,SURROGATE,C@0.0,SVD-BAYESIAN-LIN-CWS-VICIS_EMANON2-NDCG-SURROGATE-C@0.0
0.18532938083379785,USERS_CAND_ITEMS,SVD,BAYESIAN,LIN,CWS,VICIS_EMANON2,NDCG,SURROGATE,C@0.0,SVD-BAYESIAN-LIN-CWS-VICIS_EMANON2-NDCG-SURROGATE-C@0.0
0.19117670507415405,USERS_REC_LISTS,SVD,BAYESIAN,LIN,CWS,VICIS_EMANON2,NDCG,SURROGATE,C@0.0,SVD-BAYESIAN-LIN-CWS-VICIS_EMANON2-NDCG-SURROGATE-C@0.0
0.2295062841091065,USER_PREF,SVD,BAYESIAN,LIN,CWS,VICIS_EMANON2,NDCG,SURROGATE,C@0.1,SVD-BAYESIAN-LIN-CWS-VICIS_EMANON2-NDCG-SURROGATE-C@0.1
0.14867417156246837,USERS_CAND_ITEMS,SVD,BAYESIAN,LIN,CWS,VICIS_EMANON2,NDCG,SURROGATE,C@0.1,SVD-BAYESIAN-LIN-CWS-VICIS_EMANON2-NDCG-SURROGATE-C@0.1
0.09663026408915612,USERS_REC_LISTS,SVD,BAYESIAN,LIN,CWS,VICIS_EMANON2,NDCG,SURROGATE,C@0.1,SVD-BAYESIAN-LIN-CWS-VICIS_EMANON2-NDCG-SURROGATE-C@0.1
0.24235957561410967,USER_PREF,SVD,BAYESIAN,LIN,CWS,VICIS_EMANON2,NDCG,SURROGATE,C@0.2,SVD-BAYESIAN-LIN-CWS-VICIS_EMANON2-NDCG-SURROGATE-C@0.2
0.09995072134663228,USERS_CAND_ITEMS,SVD,BAYESIAN,LIN,CWS,VICIS_EMANON2,NDCG,SURROGATE,C@0.2,SVD-BAYESIAN-LIN-CWS-VICIS_EMANON2-NDCG-SURROGATE-C@0.2
0.10708549212284021,USERS_REC_LISTS,SVD,BAYESIAN,LIN,CWS,VICIS_EMANON2,NDCG,SURROGATE,C@0.2,SVD-BAYESIAN-LIN-CWS-VICIS_EMANON2-NDCG-SURROGATE-C@0.2
0.18937851104500972,USER_PREF,SVD,BAYESIAN,LIN,CWS,VICIS_EMANON2,NDCG,SURROGATE,C@0.3,SVD-BAYESIAN-LIN-CWS-VICIS_EMANON2-NDCG-SURROGATE-C@0.3
0.1379400671416089,USERS_CAND_ITEMS,SVD,BAYESIAN,LIN,CWS,VICIS_EMANON2,NDCG,SURROGATE,C@0.3,SVD-BAYESIAN-LIN-CWS-VICIS_EMANON2-NDCG-SURROGATE-C@0.3
0.08705277381921844,USERS_REC_LISTS,SVD,BAYESIAN,LIN,CWS,VICIS_EMANON2,NDCG,SURROGATE,C@0.3,SVD-BAYESIAN-LIN-CWS-VICIS_EMANON2-NDCG-SURROGATE-C@0.3
0.16908698548946724,USER_PREF,SVD,BAYESIAN,LIN,CWS,VICIS_EMANON2,NDCG,SURROGATE,C@0.4,SVD-BAYESIAN-LIN-CWS-VICIS_EMANON2-NDCG-SURROGATE-C@0.4
0.1269821462219759,USERS_CAND_ITEMS,SVD,BAYESIAN,LIN,CWS,VICIS_EMANON2,NDCG,SURROGATE,C@0.4,SVD-BAYESIAN-LIN-CWS-VICIS_EMANON2-NDCG-SURROGATE-C@0.4
0.1014793650249574,USERS_REC_LISTS,SVD,BAYESIAN,LIN,CWS,VICIS_EMANON2,NDCG,SURROGATE,C@0.4,SVD-BAYESIAN-LIN-CWS-VICIS_EMANON2-NDCG-SURROGATE-C@0.4
0.24635945267161,USER_PREF,SVD,BAYESIAN,LIN,CWS,VICIS_EMANON2,NDCG,SURROGATE,C@0.5,SVD-BAYESIAN-LIN-CWS-VICIS_EMANON2-NDCG-SURROGATE-C@0.5
0.16110504481951926,USERS_CAND_ITEMS,SVD,BAYESIAN,LIN,CWS,VICIS_EMANON2,NDCG,SURROGATE,C@0.5,SVD-BAYESIAN-LIN-CWS-VICIS_EMANON2-NDCG-SURROGATE-C@0.5
0.08125202829017618,USERS_REC_LISTS,SVD,BAYESIAN,LIN,CWS,VICIS_EMANON2,NDCG,SURROGATE,C@0.5,SVD-BAYESIAN-LIN-CWS-VICIS_EMANON2-NDCG-SURROGATE-C@0.5
0.24959214463845056,USER_PREF,SVD,BAYESIAN,LIN,CWS,VICIS_EMANON2,NDCG,SURROGATE,C@0.6,SVD-BAYESIAN-LIN-CWS-VICIS_EMANON2-NDCG-SURROGATE-C@0.6
0.14375134524397032,USERS_CAND_ITEMS,SVD,BAYESIAN,LIN,CWS,VICIS_EMANON2,NDCG,SURROGATE,C@0.6,SVD-BAYESIAN-LIN-CWS-VICIS_EMANON2-NDCG-SURROGATE-C@0.6
0.082032931594655,USERS_REC_LISTS,SVD,BAYESIAN,LIN,CWS,VICIS_EMANON2,NDCG,SURROGATE,C@0.6,SVD-BAYESIAN-LIN-CWS-VICIS_EMANON2-NDCG-SURROGATE-C@0.6
0.23323321798538707,USER_PREF,SVD,BAYESIAN,LIN,CWS,VICIS_EMANON2,NDCG,SURROGATE,C@0.7,SVD-BAYESIAN-LIN-CWS-VICIS_EMANON2-NDCG-SURROGATE-C@0.7
0.15173903134274994,USERS_CAND_ITEMS,SVD,BAYESIAN,LIN,CWS,VICIS_EMANON2,NDCG,SURROGATE,C@0.7,SVD-BAYESIAN-LIN-CWS-VICIS_EMANON2-NDCG-SURROGATE-C@0.7
0.09189048906456826,USERS_REC_LISTS,SVD,BAYESIAN,LIN,CWS,VICIS_EMANON2,NDCG,SURROGATE,C@0.7,SVD-BAYESIAN-LIN-CWS-VICIS_EMANON2-NDCG-SURROGATE-C@0.7
0.16743587587531492,USER_PREF,SVD,BAYESIAN,LIN,CWS,VICIS_EMANON2,NDCG,SURROGATE,C@0.8,SVD-BAYESIAN-LIN-CWS-VICIS_EMANON2-NDCG-SURROGATE-C@0.8
0.1532813133964046,USERS_CAND_ITEMS,SVD,BAYESIAN,LIN,CWS,VICIS_EMANON2,NDCG,SURROGATE,C@0.8,SVD-BAYESIAN-LIN-CWS-VICIS_EMANON2-NDCG-SURROGATE-C@0.8
0.09767694073085788,USERS_REC_LISTS,SVD,BAYESIAN,LIN,CWS,VICIS_EMANON2,NDCG,SURROGATE,C@0.8,SVD-BAYESIAN-LIN-CWS-VICIS_EMANON2-NDCG-SURROGATE-C@0.8
0.27397756393906414,USER_PREF,SVD,BAYESIAN,LIN,CWS,VICIS_EMANON2,NDCG,SURROGATE,C@0.9,SVD-BAYESIAN-LIN-CWS-VICIS_EMANON2-NDCG-SURROGATE-C@0.9
0.13918444531682228,USERS_CAND_ITEMS,SVD,BAYESIAN,LIN,CWS,VICIS_EMANON2,NDCG,SURROGATE,C@0.9,SVD-BAYESIAN-LIN-CWS-VICIS_EMANON2-NDCG-SURROGATE-C@0.9
0.09706522072614145,USERS_REC_LISTS,SVD,BAYESIAN,LIN,CWS,VICIS_EMANON2,NDCG,SURROGATE,C@0.9,SVD-BAYESIAN-LIN-CWS-VICIS_EMANON2-NDCG-SURROGATE-C@0.9
0.239234073992933,USER_PREF,SVD,BAYESIAN,LIN,CWS,VICIS_EMANON2,NDCG,SURROGATE,C@1.0,SVD-BAYESIAN-LIN-CWS-VICIS_EMANON2-NDCG-SURROGATE-C@1.0
0.16611408413877615,USERS_CAND_ITEMS,SVD,BAYESIAN,LIN,CWS,VICIS_EMANON2,NDCG,SURROGATE,C@1.0,SVD-BAYESIAN-LIN-CWS-VICIS_EMANON2-NDCG-SURROGATE-C@1.0
0.09787420845391262,USERS_REC_LISTS,SVD,BAYESIAN,LIN,CWS,VICIS_EMANON2,NDCG,SURROGATE,C@1.0,SVD-BAYESIAN-LIN-CWS-VICIS_EMANON2-NDCG-SURROGATE-C@1.0
0.24048028847403216,USER_PREF,SVD,IF,LIN,CWS,VICIS_EMANON2,NDCG,SURROGATE,VAR,SVD-IF-LIN-CWS-VICIS_EMANON2-NDCG-SURROGATE-VAR
0.1684231656116684,USERS_CAND_ITEMS,SVD,IF,LIN,CWS,VICIS_EMANON2,NDCG,SURROGATE,VAR,SVD-IF-LIN-CWS-VICIS_EMANON2-NDCG-SURROGATE-VAR
0.11510399989965528,USERS_REC_LISTS,SVD,IF,LIN,CWS,VICIS_EMANON2,NDCG,SURROGATE,VAR,SVD-IF-LIN-CWS-VICIS_EMANON2-NDCG-SURROGATE-VAR
0.22601928039112706,USER_PREF,SVD,IF,LIN,CWS,VICIS_EMANON2,NDCG,SURROGATE,CGR,SVD-IF-LIN-CWS-VICIS_EMANON2-NDCG-SURROGATE-CGR
0.16924785851046908,USERS_CAND_ITEMS,SVD,IF,LIN,CWS,VICIS_EMANON2,NDCG,SURROGATE,CGR,SVD-IF-LIN-CWS-VICIS_EMANON2-NDCG-SURROGATE-CGR
0.11463741148074306,USERS_REC_LISTS,SVD,IF,LIN,CWS,VICIS_EMANON2,NDCG,SURROGATE,CGR,SVD-IF-LIN-CWS-VICIS_EMANON2-NDCG-SURROGATE-CGR
0.23491555187449967,USER_PREF,SVD,IF,LIN,CWS,VICIS_EMANON2,NDCG,SURROGATE,C@0.0,SVD-IF-LIN-CWS-VICIS_EMANON2-NDCG-SURROGATE-C@0.0
0.17084837360741845,USERS_CAND_ITEMS,SVD,IF,LIN,CWS,VICIS_EMANON2,NDCG,SURROGATE,C@0.0,SVD-IF-LIN-CWS-VICIS_EMANON2-NDCG-SURROGATE-C@0.0
0.1955678354363557,USERS_REC_LISTS,SVD,IF,LIN,CWS,VICIS_EMANON2,NDCG,SURROGATE,C@0.0,SVD-IF-LIN-CWS-VICIS_EMANON2-NDCG-SURROGATE-C@0.0
0.23893859670409676,USER_PREF,SVD,IF,LIN,CWS,VICIS_EMANON2,NDCG,SURROGATE,C@0.1,SVD-IF-LIN-CWS-VICIS_EMANON2-NDCG-SURROGATE-C@0.1
0.16588765084532148,USERS_CAND_ITEMS,SVD,IF,LIN,CWS,VICIS_EMANON2,NDCG,SURROGATE,C@0.1,SVD-IF-LIN-CWS-VICIS_EMANON2-NDCG-SURROGATE-C@0.1
0.11548388247042682,USERS_REC_LISTS,SVD,IF,LIN,CWS,VICIS_EMANON2,NDCG,SURROGATE,C@0.1,SVD-IF-LIN-CWS-VICIS_EMANON2-NDCG-SURROGATE-C@0.1
0.23589127768844348,USER_PREF,SVD,IF,LIN,CWS,VICIS_EMANON2,NDCG,SURROGATE,C@0.2,SVD-IF-LIN-CWS-VICIS_EMANON2-NDCG-SURROGATE-C@0.2
0.17662294406083645,USERS_CAND_ITEMS,SVD,IF,LIN,CWS,VICIS_EMANON2,NDCG,SURROGATE,C@0.2,SVD-IF-LIN-CWS-VICIS_EMANON2-NDCG-SURROGATE-C@0.2
0.114083017596348,USERS_REC_LISTS,SVD,IF,LIN,CWS,VICIS_EMANON2,NDCG,SURROGATE,C@0.2,SVD-IF-LIN-CWS-VICIS_EMANON2-NDCG-SURROGATE-C@0.2
0.24215720232211935,USER_PREF,SVD,IF,LIN,CWS,VICIS_EMANON2,NDCG,SURROGATE,C@0.3,SVD-IF-LIN-CWS-VICIS_EMANON2-NDCG-SURROGATE-C@0.3
0.1749500142565191,USERS_CAND_ITEMS,SVD,IF,LIN,CWS,VICIS_EMANON2,NDCG,SURROGATE,C@0.3,SVD-IF-LIN-CWS-VICIS_EMANON2-NDCG-SURROGATE-C@0.3
0.11353134349547586,USERS_REC_LISTS,SVD,IF,LIN,CWS,VICIS_EMANON2,NDCG,SURROGATE,C@0.3,SVD-IF-LIN-CWS-VICIS_EMANON2-NDCG-SURROGATE-C@0.3
0.2451939890308057,USER_PREF,SVD,IF,LIN,CWS,VICIS_EMANON2,NDCG,SURROGATE,C@0.4,SVD-IF-LIN-CWS-VICIS_EMANON2-NDCG-SURROGATE-C@0.4
0.17376145998069628,USERS_CAND_ITEMS,SVD,IF,LIN,CWS,VICIS_EMANON2,NDCG,SURROGATE,C@0.4,SVD-IF-LIN-CWS-VICIS_EMANON2-NDCG-SURROGATE-C@0.4
0.11342719657907271,USERS_REC_LISTS,SVD,IF,LIN,CWS,VICIS_EMANON2,NDCG,SURROGATE,C@0.4,SVD-IF-LIN-CWS-VICIS_EMANON2-NDCG-SURROGATE-C@0.4
0.23906423067785224,USER_PREF,SVD,IF,LIN,CWS,VICIS_EMANON2,NDCG,SURROGATE,C@0.5,SVD-IF-LIN-CWS-VICIS_EMANON2-NDCG-SURROGATE-C@0.5
0.16894349207529302,USERS_CAND_ITEMS,SVD,IF,LIN,CWS,VICIS_EMANON2,NDCG,SURROGATE,C@0.5,SVD-IF-LIN-CWS-VICIS_EMANON2-NDCG-SURROGATE-C@0.5
0.11878456638367071,USERS_REC_LISTS,SVD,IF,LIN,CWS,VICIS_EMANON2,NDCG,SURROGATE,C@0.5,SVD-IF-LIN-CWS-VICIS_EMANON2-NDCG-SURROGATE-C@0.5
0.2274884354030613,USER_PREF,SVD,IF,LIN,CWS,VICIS_EMANON2,NDCG,SURROGATE,C@0.6,SVD-IF-LIN-CWS-VICIS_EMANON2-NDCG-SURROGATE-C@0.6
0.17111827717705985,USERS_CAND_ITEMS,SVD,IF,LIN,CWS,VICIS_EMANON2,NDCG,SURROGATE,C@0.6,SVD-IF-LIN-CWS-VICIS_EMANON2-NDCG-SURROGATE-C@0.6
0.11606400087162803,USERS_REC_LISTS,SVD,IF,LIN,CWS,VICIS_EMANON2,NDCG,SURROGATE,C@0.6,SVD-IF-LIN-CWS-VICIS_EMANON2-NDCG-SURROGATE-C@0.6
0.24231510166676262,USER_PREF,SVD,IF,LIN,CWS,VICIS_EMANON2,NDCG,SURROGATE,C@0.7,SVD-IF-LIN-CWS-VICIS_EMANON2-NDCG-SURROGATE-C@0.7
0.1747598193545676,USERS_CAND_ITEMS,SVD,IF,LIN,CWS,VICIS_EMANON2,NDCG,SURROGATE,C@0.7,SVD-IF-LIN-CWS-VICIS_EMANON2-NDCG-SURROGATE-C@0.7
0.11339908448152186,USERS_REC_LISTS,SVD,IF,LIN,CWS,VICIS_EMANON2,NDCG,SURROGATE,C@0.7,SVD-IF-LIN-CWS-VICIS_EMANON2-NDCG-SURROGATE-C@0.7
0.24762816015363517,USER_PREF,SVD,IF,LIN,CWS,VICIS_EMANON2,NDCG,SURROGATE,C@0.8,SVD-IF-LIN-CWS-VICIS_EMANON2-NDCG-SURROGATE-C@0.8
0.16624833793304505,USERS_CAND_ITEMS,SVD,IF,LIN,CWS,VICIS_EMANON2,NDCG,SURROGATE,C@0.8,SVD-IF-LIN-CWS-VICIS_EMANON2-NDCG-SURROGATE-C@0.8
0.11688555709179826,USERS_REC_LISTS,SVD,IF,LIN,CWS,VICIS_EMANON2,NDCG,SURROGATE,C@0.8,SVD-IF-LIN-CWS-VICIS_EMANON2-NDCG-SURROGATE-C@0.8
0.23084304090591865,USER_PREF,SVD,IF,LIN,CWS,VICIS_EMANON2,NDCG,SURROGATE,C@0.9,SVD-IF-LIN-CWS-VICIS_EMANON2-NDCG-SURROGATE-C@0.9
0.17242113751059693,USERS_CAND_ITEMS,SVD,IF,LIN,CWS,VICIS_EMANON2,NDCG,SURROGATE,C@0.9,SVD-IF-LIN-CWS-VICIS_EMANON2-NDCG-SURROGATE-C@0.9
0.11567827348159428,USERS_REC_LISTS,SVD,IF,LIN,CWS,VICIS_EMANON2,NDCG,SURROGATE,C@0.9,SVD-IF-LIN-CWS-VICIS_EMANON2-NDCG-SURROGATE-C@0.9
0.24996074258415146,USER_PREF,SVD,IF,LIN,CWS,VICIS_EMANON2,NDCG,SURROGATE,C@1.0,SVD-IF-LIN-CWS-VICIS_EMANON2-NDCG-SURROGATE-C@1.0
0.1660724294582321,USERS_CAND_ITEMS,SVD,IF,LIN,CWS,VICIS_EMANON2,NDCG,SURROGATE,C@1.0,SVD-IF-LIN-CWS-VICIS_EMANON2-NDCG-SURROGATE-C@1.0
0.11383911519959163,USERS_REC_LISTS,SVD,IF,LIN,CWS,VICIS_EMANON2,NDCG,SURROGATE,C@1.0,SVD-IF-LIN-CWS-VICIS_EMANON2-NDCG-SURROGATE-C@1.0
0.4063871509426067,USER_PREF,SVD,LOF,LIN,CWS,VICIS_EMANON2,NDCG,SURROGATE,VAR,SVD-LOF-LIN-CWS-VICIS_EMANON2-NDCG-SURROGATE-VAR
0.32739861393607766,USERS_CAND_ITEMS,SVD,LOF,LIN,CWS,VICIS_EMANON2,NDCG,SURROGATE,VAR,SVD-LOF-LIN-CWS-VICIS_EMANON2-NDCG-SURROGATE-VAR
0.0,USERS_REC_LISTS,SVD,LOF,LIN,CWS,VICIS_EMANON2,NDCG,SURROGATE,VAR,SVD-LOF-LIN-CWS-VICIS_EMANON2-NDCG-SURROGATE-VAR
0.4063871509426067,USER_PREF,SVD,LOF,LIN,CWS,VICIS_EMANON2,NDCG,SURROGATE,CGR,SVD-LOF-LIN-CWS-VICIS_EMANON2-NDCG-SURROGATE-CGR
0.32739861393607766,USERS_CAND_ITEMS,SVD,LOF,LIN,CWS,VICIS_EMANON2,NDCG,SURROGATE,CGR,SVD-LOF-LIN-CWS-VICIS_EMANON2-NDCG-SURROGATE-CGR
0.0,USERS_REC_LISTS,SVD,LOF,LIN,CWS,VICIS_EMANON2,NDCG,SURROGATE,CGR,SVD-LOF-LIN-CWS-VICIS_EMANON2-NDCG-SURROGATE-CGR
0.4063871509426067,USER_PREF,SVD,LOF,LIN,CWS,VICIS_EMANON2,NDCG,SURROGATE,C@0.0,SVD-LOF-LIN-CWS-VICIS_EMANON2-NDCG-SURROGATE-C@0.0
0.32739861393607766,USERS_CAND_ITEMS,SVD,LOF,LIN,CWS,VICIS_EMANON2,NDCG,SURROGATE,C@0.0,SVD-LOF-LIN-CWS-VICIS_EMANON2-NDCG-SURROGATE-C@0.0
0.33228136592364776,USERS_REC_LISTS,SVD,LOF,LIN,CWS,VICIS_EMANON2,NDCG,SURROGATE,C@0.0,SVD-LOF-LIN-CWS-VICIS_EMANON2-NDCG-SURROGATE-C@0.0
0.4063871509426067,USER_PREF,SVD,LOF,LIN,CWS,VICIS_EMANON2,NDCG,SURROGATE,C@0.1,SVD-LOF-LIN-CWS-VICIS_EMANON2-NDCG-SURROGATE-C@0.1
0.32739861393607766,USERS_CAND_ITEMS,SVD,LOF,LIN,CWS,VICIS_EMANON2,NDCG,SURROGATE,C@0.1,SVD-LOF-LIN-CWS-VICIS_EMANON2-NDCG-SURROGATE-C@0.1
0.0,USERS_REC_LISTS,SVD,LOF,LIN,CWS,VICIS_EMANON2,NDCG,SURROGATE,C@0.1,SVD-LOF-LIN-CWS-VICIS_EMANON2-NDCG-SURROGATE-C@0.1
0.4063871509426067,USER_PREF,SVD,LOF,LIN,CWS,VICIS_EMANON2,NDCG,SURROGATE,C@0.2,SVD-LOF-LIN-CWS-VICIS_EMANON2-NDCG-SURROGATE-C@0.2
0.32739861393607766,USERS_CAND_ITEMS,SVD,LOF,LIN,CWS,VICIS_EMANON2,NDCG,SURROGATE,C@0.2,SVD-LOF-LIN-CWS-VICIS_EMANON2-NDCG-SURROGATE-C@0.2
0.0,USERS_REC_LISTS,SVD,LOF,LIN,CWS,VICIS_EMANON2,NDCG,SURROGATE,C@0.2,SVD-LOF-LIN-CWS-VICIS_EMANON2-NDCG-SURROGATE-C@0.2
0.4063871509426067,USER_PREF,SVD,LOF,LIN,CWS,VICIS_EMANON2,NDCG,SURROGATE,C@0.3,SVD-LOF-LIN-CWS-VICIS_EMANON2-NDCG-SURROGATE-C@0.3
0.32739861393607766,USERS_CAND_ITEMS,SVD,LOF,LIN,CWS,VICIS_EMANON2,NDCG,SURROGATE,C@0.3,SVD-LOF-LIN-CWS-VICIS_EMANON2-NDCG-SURROGATE-C@0.3
0.0,USERS_REC_LISTS,SVD,LOF,LIN,CWS,VICIS_EMANON2,NDCG,SURROGATE,C@0.3,SVD-LOF-LIN-CWS-VICIS_EMANON2-NDCG-SURROGATE-C@0.3
0.4063871509426067,USER_PREF,SVD,LOF,LIN,CWS,VICIS_EMANON2,NDCG,SURROGATE,C@0.4,SVD-LOF-LIN-CWS-VICIS_EMANON2-NDCG-SURROGATE-C@0.4
0.32739861393607766,USERS_CAND_ITEMS,SVD,LOF,LIN,CWS,VICIS_EMANON2,NDCG,SURROGATE,C@0.4,SVD-LOF-LIN-CWS-VICIS_EMANON2-NDCG-SURROGATE-C@0.4
0.0,USERS_REC_LISTS,SVD,LOF,LIN,CWS,VICIS_EMANON2,NDCG,SURROGATE,C@0.4,SVD-LOF-LIN-CWS-VICIS_EMANON2-NDCG-SURROGATE-C@0.4
0.4063871509426067,USER_PREF,SVD,LOF,LIN,CWS,VICIS_EMANON2,NDCG,SURROGATE,C@0.5,SVD-LOF-LIN-CWS-VICIS_EMANON2-NDCG-SURROGATE-C@0.5
0.32739861393607766,USERS_CAND_ITEMS,SVD,LOF,LIN,CWS,VICIS_EMANON2,NDCG,SURROGATE,C@0.5,SVD-LOF-LIN-CWS-VICIS_EMANON2-NDCG-SURROGATE-C@0.5
0.0,USERS_REC_LISTS,SVD,LOF,LIN,CWS,VICIS_EMANON2,NDCG,SURROGATE,C@0.5,SVD-LOF-LIN-CWS-VICIS_EMANON2-NDCG-SURROGATE-C@0.5
0.4063871509426067,USER_PREF,SVD,LOF,LIN,CWS,VICIS_EMANON2,NDCG,SURROGATE,C@0.6,SVD-LOF-LIN-CWS-VICIS_EMANON2-NDCG-SURROGATE-C@0.6
0.32739861393607766,USERS_CAND_ITEMS,SVD,LOF,LIN,CWS,VICIS_EMANON2,NDCG,SURROGATE,C@0.6,SVD-LOF-LIN-CWS-VICIS_EMANON2-NDCG-SURROGATE-C@0.6
0.0,USERS_REC_LISTS,SVD,LOF,LIN,CWS,VICIS_EMANON2,NDCG,SURROGATE,C@0.6,SVD-LOF-LIN-CWS-VICIS_EMANON2-NDCG-SURROGATE-C@0.6
0.4063871509426067,USER_PREF,SVD,LOF,LIN,CWS,VICIS_EMANON2,NDCG,SURROGATE,C@0.7,SVD-LOF-LIN-CWS-VICIS_EMANON2-NDCG-SURROGATE-C@0.7
0.32739861393607766,USERS_CAND_ITEMS,SVD,LOF,LIN,CWS,VICIS_EMANON2,NDCG,SURROGATE,C@0.7,SVD-LOF-LIN-CWS-VICIS_EMANON2-NDCG-SURROGATE-C@0.7
0.0,USERS_REC_LISTS,SVD,LOF,LIN,CWS,VICIS_EMANON2,NDCG,SURROGATE,C@0.7,SVD-LOF-LIN-CWS-VICIS_EMANON2-NDCG-SURROGATE-C@0.7
0.4063871509426067,USER_PREF,SVD,LOF,LIN,CWS,VICIS_EMANON2,NDCG,SURROGATE,C@0.8,SVD-LOF-LIN-CWS-VICIS_EMANON2-NDCG-SURROGATE-C@0.8
0.32739861393607766,USERS_CAND_ITEMS,SVD,LOF,LIN,CWS,VICIS_EMANON2,NDCG,SURROGATE,C@0.8,SVD-LOF-LIN-CWS-VICIS_EMANON2-NDCG-SURROGATE-C@0.8
0.0,USERS_REC_LISTS,SVD,LOF,LIN,CWS,VICIS_EMANON2,NDCG,SURROGATE,C@0.8,SVD-LOF-LIN-CWS-VICIS_EMANON2-NDCG-SURROGATE-C@0.8
0.4063871509426067,USER_PREF,SVD,LOF,LIN,CWS,VICIS_EMANON2,NDCG,SURROGATE,C@0.9,SVD-LOF-LIN-CWS-VICIS_EMANON2-NDCG-SURROGATE-C@0.9
0.32739861393607766,USERS_CAND_ITEMS,SVD,LOF,LIN,CWS,VICIS_EMANON2,NDCG,SURROGATE,C@0.9,SVD-LOF-LIN-CWS-VICIS_EMANON2-NDCG-SURROGATE-C@0.9
0.0,USERS_REC_LISTS,SVD,LOF,LIN,CWS,VICIS_EMANON2,NDCG,SURROGATE,C@0.9,SVD-LOF-LIN-CWS-VICIS_EMANON2-NDCG-SURROGATE-C@0.9
0.4063871509426067,USER_PREF,SVD,LOF,LIN,CWS,VICIS_EMANON2,NDCG,SURROGATE,C@1.0,SVD-LOF-LIN-CWS-VICIS_EMANON2-NDCG-SURROGATE-C@1.0
0.32739861393607766,USERS_CAND_ITEMS,SVD,LOF,LIN,CWS,VICIS_EMANON2,NDCG,SURROGATE,C@1.0,SVD-LOF-LIN-CWS-VICIS_EMANON2-NDCG-SURROGATE-C@1.0
0.0,USERS_REC_LISTS,SVD,LOF,LIN,CWS,VICIS_EMANON2,NDCG,SURROGATE,C@1.0,SVD-LOF-LIN-CWS-VICIS_EMANON2-NDCG-SURROGATE-C@1.0
0.2750467013174059,USER_PREF,SVD,OPTICS,LIN,CWS,VICIS_EMANON2,NDCG,SURROGATE,VAR,SVD-OPTICS-LIN-CWS-VICIS_EMANON2-NDCG-SURROGATE-VAR
0.18546841177739365,USERS_CAND_ITEMS,SVD,OPTICS,LIN,CWS,VICIS_EMANON2,NDCG,SURROGATE,VAR,SVD-OPTICS-LIN-CWS-VICIS_EMANON2-NDCG-SURROGATE-VAR
0.23027676989533455,USERS_REC_LISTS,SVD,OPTICS,LIN,CWS,VICIS_EMANON2,NDCG,SURROGATE,VAR,SVD-OPTICS-LIN-CWS-VICIS_EMANON2-NDCG-SURROGATE-VAR
0.2750467013174059,USER_PREF,SVD,OPTICS,LIN,CWS,VICIS_EMANON2,NDCG,SURROGATE,CGR,SVD-OPTICS-LIN-CWS-VICIS_EMANON2-NDCG-SURROGATE-CGR
0.18546841177739365,USERS_CAND_ITEMS,SVD,OPTICS,LIN,CWS,VICIS_EMANON2,NDCG,SURROGATE,CGR,SVD-OPTICS-LIN-CWS-VICIS_EMANON2-NDCG-SURROGATE-CGR
0.22578623436953463,USERS_REC_LISTS,SVD,OPTICS,LIN,CWS,VICIS_EMANON2,NDCG,SURROGATE,CGR,SVD-OPTICS-LIN-CWS-VICIS_EMANON2-NDCG-SURROGATE-CGR
0.2750467013174059,USER_PREF,SVD,OPTICS,LIN,CWS,VICIS_EMANON2,NDCG,SURROGATE,C@0.0,SVD-OPTICS-LIN-CWS-VICIS_EMANON2-NDCG-SURROGATE-C@0.0
0.18546841177739365,USERS_CAND_ITEMS,SVD,OPTICS,LIN,CWS,VICIS_EMANON2,NDCG,SURROGATE,C@0.0,SVD-OPTICS-LIN-CWS-VICIS_EMANON2-NDCG-SURROGATE-C@0.0
0.2099496411399175,USERS_REC_LISTS,SVD,OPTICS,LIN,CWS,VICIS_EMANON2,NDCG,SURROGATE,C@0.0,SVD-OPTICS-LIN-CWS-VICIS_EMANON2-NDCG-SURROGATE-C@0.0
0.2750467013174059,USER_PREF,SVD,OPTICS,LIN,CWS,VICIS_EMANON2,NDCG,SURROGATE,C@0.1,SVD-OPTICS-LIN-CWS-VICIS_EMANON2-NDCG-SURROGATE-C@0.1
0.18546841177739365,USERS_CAND_ITEMS,SVD,OPTICS,LIN,CWS,VICIS_EMANON2,NDCG,SURROGATE,C@0.1,SVD-OPTICS-LIN-CWS-VICIS_EMANON2-NDCG-SURROGATE-C@0.1
0.2333356458828847,USERS_REC_LISTS,SVD,OPTICS,LIN,CWS,VICIS_EMANON2,NDCG,SURROGATE,C@0.1,SVD-OPTICS-LIN-CWS-VICIS_EMANON2-NDCG-SURROGATE-C@0.1
0.2750467013174059,USER_PREF,SVD,OPTICS,LIN,CWS,VICIS_EMANON2,NDCG,SURROGATE,C@0.2,SVD-OPTICS-LIN-CWS-VICIS_EMANON2-NDCG-SURROGATE-C@0.2
0.18546841177739365,USERS_CAND_ITEMS,SVD,OPTICS,LIN,CWS,VICIS_EMANON2,NDCG,SURROGATE,C@0.2,SVD-OPTICS-LIN-CWS-VICIS_EMANON2-NDCG-SURROGATE-C@0.2
0.23143065724024434,USERS_REC_LISTS,SVD,OPTICS,LIN,CWS,VICIS_EMANON2,NDCG,SURROGATE,C@0.2,SVD-OPTICS-LIN-CWS-VICIS_EMANON2-NDCG-SURROGATE-C@0.2
0.2750467013174059,USER_PREF,SVD,OPTICS,LIN,CWS,VICIS_EMANON2,NDCG,SURROGATE,C@0.3,SVD-OPTICS-LIN-CWS-VICIS_EMANON2-NDCG-SURROGATE-C@0.3
0.18546841177739365,USERS_CAND_ITEMS,SVD,OPTICS,LIN,CWS,VICIS_EMANON2,NDCG,SURROGATE,C@0.3,SVD-OPTICS-LIN-CWS-VICIS_EMANON2-NDCG-SURROGATE-C@0.3
0.23063952608909213,USERS_REC_LISTS,SVD,OPTICS,LIN,CWS,VICIS_EMANON2,NDCG,SURROGATE,C@0.3,SVD-OPTICS-LIN-CWS-VICIS_EMANON2-NDCG-SURROGATE-C@0.3
0.2750467013174059,USER_PREF,SVD,OPTICS,LIN,CWS,VICIS_EMANON2,NDCG,SURROGATE,C@0.4,SVD-OPTICS-LIN-CWS-VICIS_EMANON2-NDCG-SURROGATE-C@0.4
0.18546841177739365,USERS_CAND_ITEMS,SVD,OPTICS,LIN,CWS,VICIS_EMANON2,NDCG,SURROGATE,C@0.4,SVD-OPTICS-LIN-CWS-VICIS_EMANON2-NDCG-SURROGATE-C@0.4
0.23245819772006773,USERS_REC_LISTS,SVD,OPTICS,LIN,CWS,VICIS_EMANON2,NDCG,SURROGATE,C@0.4,SVD-OPTICS-LIN-CWS-VICIS_EMANON2-NDCG-SURROGATE-C@0.4
0.2750467013174059,USER_PREF,SVD,OPTICS,LIN,CWS,VICIS_EMANON2,NDCG,SURROGATE,C@0.5,SVD-OPTICS-LIN-CWS-VICIS_EMANON2-NDCG-SURROGATE-C@0.5
0.18546841177739365,USERS_CAND_ITEMS,SVD,OPTICS,LIN,CWS,VICIS_EMANON2,NDCG,SURROGATE,C@0.5,SVD-OPTICS-LIN-CWS-VICIS_EMANON2-NDCG-SURROGATE-C@0.5
0.23006355938430706,USERS_REC_LISTS,SVD,OPTICS,LIN,CWS,VICIS_EMANON2,NDCG,SURROGATE,C@0.5,SVD-OPTICS-LIN-CWS-VICIS_EMANON2-NDCG-SURROGATE-C@0.5
0.2750467013174059,USER_PREF,SVD,OPTICS,LIN,CWS,VICIS_EMANON2,NDCG,SURROGATE,C@0.6,SVD-OPTICS-LIN-CWS-VICIS_EMANON2-NDCG-SURROGATE-C@0.6
0.18546841177739365,USERS_CAND_ITEMS,SVD,OPTICS,LIN,CWS,VICIS_EMANON2,NDCG,SURROGATE,C@0.6,SVD-OPTICS-LIN-CWS-VICIS_EMANON2-NDCG-SURROGATE-C@0.6
0.23112724963959982,USERS_REC_LISTS,SVD,OPTICS,LIN,CWS,VICIS_EMANON2,NDCG,SURROGATE,C@0.6,SVD-OPTICS-LIN-CWS-VICIS_EMANON2-NDCG-SURROGATE-C@0.6
0.2750467013174059,USER_PREF,SVD,OPTICS,LIN,CWS,VICIS_EMANON2,NDCG,SURROGATE,C@0.7,SVD-OPTICS-LIN-CWS-VICIS_EMANON2-NDCG-SURROGATE-C@0.7
0.18546841177739365,USERS_CAND_ITEMS,SVD,OPTICS,LIN,CWS,VICIS_EMANON2,NDCG,SURROGATE,C@0.7,SVD-OPTICS-LIN-CWS-VICIS_EMANON2-NDCG-SURROGATE-C@0.7
0.23029122296375185,USERS_REC_LISTS,SVD,OPTICS,LIN,CWS,VICIS_EMANON2,NDCG,SURROGATE,C@0.7,SVD-OPTICS-LIN-CWS-VICIS_EMANON2-NDCG-SURROGATE-C@0.7
0.2750467013174059,USER_PREF,SVD,OPTICS,LIN,CWS,VICIS_EMANON2,NDCG,SURROGATE,C@0.8,SVD-OPTICS-LIN-CWS-VICIS_EMANON2-NDCG-SURROGATE-C@0.8
0.18546841177739365,USERS_CAND_ITEMS,SVD,OPTICS,LIN,CWS,VICIS_EMANON2,NDCG,SURROGATE,C@0.8,SVD-OPTICS-LIN-CWS-VICIS_EMANON2-NDCG-SURROGATE-C@0.8
0.23312655200016857,USERS_REC_LISTS,SVD,OPTICS,LIN,CWS,VICIS_EMANON2,NDCG,SURROGATE,C@0.8,SVD-OPTICS-LIN-CWS-VICIS_EMANON2-NDCG-SURROGATE-C@0.8
0.2750467013174059,USER_PREF,SVD,OPTICS,LIN,CWS,VICIS_EMANON2,NDCG,SURROGATE,C@0.9,SVD-OPTICS-LIN-CWS-VICIS_EMANON2-NDCG-SURROGATE-C@0.9
0.18546841177739365,USERS_CAND_ITEMS,SVD,OPTICS,LIN,CWS,VICIS_EMANON2,NDCG,SURROGATE,C@0.9,SVD-OPTICS-LIN-CWS-VICIS_EMANON2-NDCG-SURROGATE-C@0.9
0.23411646833191604,USERS_REC_LISTS,SVD,OPTICS,LIN,CWS,VICIS_EMANON2,NDCG,SURROGATE,C@0.9,SVD-OPTICS-LIN-CWS-VICIS_EMANON2-NDCG-SURROGATE-C@0.9
0.2750467013174059,USER_PREF,SVD,OPTICS,LIN,CWS,VICIS_EMANON2,NDCG,SURROGATE,C@1.0,SVD-OPTICS-LIN-CWS-VICIS_EMANON2-NDCG-SURROGATE-C@1.0
0.18546841177739365,USERS_CAND_ITEMS,SVD,OPTICS,LIN,CWS,VICIS_EMANON2,NDCG,SURROGATE,C@1.0,SVD-OPTICS-LIN-CWS-VICIS_EMANON2-NDCG-SURROGATE-C@1.0
0.22578623436953463,USERS_REC_LISTS,SVD,OPTICS,LIN,CWS,VICIS_EMANON2,NDCG,SURROGATE,C@1.0,SVD-OPTICS-LIN-CWS-VICIS_EMANON2-NDCG-SURROGATE-C@1.0
0.39712390083592997,USER_PREF,SVD,DBSCAN,LIN,CWS,VICIS_EMANON2,NDCG,SURROGATE,VAR,SVD-DBSCAN-LIN-CWS-VICIS_EMANON2-NDCG-SURROGATE-VAR
0.21314527404269756,USERS_CAND_ITEMS,SVD,DBSCAN,LIN,CWS,VICIS_EMANON2,NDCG,SURROGATE,VAR,SVD-DBSCAN-LIN-CWS-VICIS_EMANON2-NDCG-SURROGATE-VAR
0.1319346694303479,USERS_REC_LISTS,SVD,DBSCAN,LIN,CWS,VICIS_EMANON2,NDCG,SURROGATE,VAR,SVD-DBSCAN-LIN-CWS-VICIS_EMANON2-NDCG-SURROGATE-VAR
0.39712390083592997,USER_PREF,SVD,DBSCAN,LIN,CWS,VICIS_EMANON2,NDCG,SURROGATE,CGR,SVD-DBSCAN-LIN-CWS-VICIS_EMANON2-NDCG-SURROGATE-CGR
0.21314527404269756,USERS_CAND_ITEMS,SVD,DBSCAN,LIN,CWS,VICIS_EMANON2,NDCG,SURROGATE,CGR,SVD-DBSCAN-LIN-CWS-VICIS_EMANON2-NDCG-SURROGATE-CGR
0.14077820545369796,USERS_REC_LISTS,SVD,DBSCAN,LIN,CWS,VICIS_EMANON2,NDCG,SURROGATE,CGR,SVD-DBSCAN-LIN-CWS-VICIS_EMANON2-NDCG-SURROGATE-CGR
0.39712390083592997,USER_PREF,SVD,DBSCAN,LIN,CWS,VICIS_EMANON2,NDCG,SURROGATE,C@0.0,SVD-DBSCAN-LIN-CWS-VICIS_EMANON2-NDCG-SURROGATE-C@0.0
0.21314527404269756,USERS_CAND_ITEMS,SVD,DBSCAN,LIN,CWS,VICIS_EMANON2,NDCG,SURROGATE,C@0.0,SVD-DBSCAN-LIN-CWS-VICIS_EMANON2-NDCG-SURROGATE-C@0.0
0.3229151049204681,USERS_REC_LISTS,SVD,DBSCAN,LIN,CWS,VICIS_EMANON2,NDCG,SURROGATE,C@0.0,SVD-DBSCAN-LIN-CWS-VICIS_EMANON2-NDCG-SURROGATE-C@0.0
0.39712390083592997,USER_PREF,SVD,DBSCAN,LIN,CWS,VICIS_EMANON2,NDCG,SURROGATE,C@0.1,SVD-DBSCAN-LIN-CWS-VICIS_EMANON2-NDCG-SURROGATE-C@0.1
0.21314527404269756,USERS_CAND_ITEMS,SVD,DBSCAN,LIN,CWS,VICIS_EMANON2,NDCG,SURROGATE,C@0.1,SVD-DBSCAN-LIN-CWS-VICIS_EMANON2-NDCG-SURROGATE-C@0.1
0.129193243656673,USERS_REC_LISTS,SVD,DBSCAN,LIN,CWS,VICIS_EMANON2,NDCG,SURROGATE,C@0.1,SVD-DBSCAN-LIN-CWS-VICIS_EMANON2-NDCG-SURROGATE-C@0.1
0.39712390083592997,USER_PREF,SVD,DBSCAN,LIN,CWS,VICIS_EMANON2,NDCG,SURROGATE,C@0.2,SVD-DBSCAN-LIN-CWS-VICIS_EMANON2-NDCG-SURROGATE-C@0.2
0.21314527404269756,USERS_CAND_ITEMS,SVD,DBSCAN,LIN,CWS,VICIS_EMANON2,NDCG,SURROGATE,C@0.2,SVD-DBSCAN-LIN-CWS-VICIS_EMANON2-NDCG-SURROGATE-C@0.2
0.1303140165600715,USERS_REC_LISTS,SVD,DBSCAN,LIN,CWS,VICIS_EMANON2,NDCG,SURROGATE,C@0.2,SVD-DBSCAN-LIN-CWS-VICIS_EMANON2-NDCG-SURROGATE-C@0.2
0.39712390083592997,USER_PREF,SVD,DBSCAN,LIN,CWS,VICIS_EMANON2,NDCG,SURROGATE,C@0.3,SVD-DBSCAN-LIN-CWS-VICIS_EMANON2-NDCG-SURROGATE-C@0.3
0.21314527404269756,USERS_CAND_ITEMS,SVD,DBSCAN,LIN,CWS,VICIS_EMANON2,NDCG,SURROGATE,C@0.3,SVD-DBSCAN-LIN-CWS-VICIS_EMANON2-NDCG-SURROGATE-C@0.3
0.12979644245604738,USERS_REC_LISTS,SVD,DBSCAN,LIN,CWS,VICIS_EMANON2,NDCG,SURROGATE,C@0.3,SVD-DBSCAN-LIN-CWS-VICIS_EMANON2-NDCG-SURROGATE-C@0.3
0.39712390083592997,USER_PREF,SVD,DBSCAN,LIN,CWS,VICIS_EMANON2,NDCG,SURROGATE,C@0.4,SVD-DBSCAN-LIN-CWS-VICIS_EMANON2-NDCG-SURROGATE-C@0.4
0.21314527404269756,USERS_CAND_ITEMS,SVD,DBSCAN,LIN,CWS,VICIS_EMANON2,NDCG,SURROGATE,C@0.4,SVD-DBSCAN-LIN-CWS-VICIS_EMANON2-NDCG-SURROGATE-C@0.4
0.13080933635619824,USERS_REC_LISTS,SVD,DBSCAN,LIN,CWS,VICIS_EMANON2,NDCG,SURROGATE,C@0.4,SVD-DBSCAN-LIN-CWS-VICIS_EMANON2-NDCG-SURROGATE-C@0.4
0.39712390083592997,USER_PREF,SVD,DBSCAN,LIN,CWS,VICIS_EMANON2,NDCG,SURROGATE,C@0.5,SVD-DBSCAN-LIN-CWS-VICIS_EMANON2-NDCG-SURROGATE-C@0.5
0.21314527404269756,USERS_CAND_ITEMS,SVD,DBSCAN,LIN,CWS,VICIS_EMANON2,NDCG,SURROGATE,C@0.5,SVD-DBSCAN-LIN-CWS-VICIS_EMANON2-NDCG-SURROGATE-C@0.5
0.12565109924696607,USERS_REC_LISTS,SVD,DBSCAN,LIN,CWS,VICIS_EMANON2,NDCG,SURROGATE,C@0.5,SVD-DBSCAN-LIN-CWS-VICIS_EMANON2-NDCG-SURROGATE-C@0.5
0.39712390083592997,USER_PREF,SVD,DBSCAN,LIN,CWS,VICIS_EMANON2,NDCG,SURROGATE,C@0.6,SVD-DBSCAN-LIN-CWS-VICIS_EMANON2-NDCG-SURROGATE-C@0.6
0.21314527404269756,USERS_CAND_ITEMS,SVD,DBSCAN,LIN,CWS,VICIS_EMANON2,NDCG,SURROGATE,C@0.6,SVD-DBSCAN-LIN-CWS-VICIS_EMANON2-NDCG-SURROGATE-C@0.6
0.131092476992844,USERS_REC_LISTS,SVD,DBSCAN,LIN,CWS,VICIS_EMANON2,NDCG,SURROGATE,C@0.6,SVD-DBSCAN-LIN-CWS-VICIS_EMANON2-NDCG-SURROGATE-C@0.6
0.39712390083592997,USER_PREF,SVD,DBSCAN,LIN,CWS,VICIS_EMANON2,NDCG,SURROGATE,C@0.7,SVD-DBSCAN-LIN-CWS-VICIS_EMANON2-NDCG-SURROGATE-C@0.7
0.21314527404269756,USERS_CAND_ITEMS,SVD,DBSCAN,LIN,CWS,VICIS_EMANON2,NDCG,SURROGATE,C@0.7,SVD-DBSCAN-LIN-CWS-VICIS_EMANON2-NDCG-SURROGATE-C@0.7
0.13541741923273837,USERS_REC_LISTS,SVD,DBSCAN,LIN,CWS,VICIS_EMANON2,NDCG,SURROGATE,C@0.7,SVD-DBSCAN-LIN-CWS-VICIS_EMANON2-NDCG-SURROGATE-C@0.7
0.39712390083592997,USER_PREF,SVD,DBSCAN,LIN,CWS,VICIS_EMANON2,NDCG,SURROGATE,C@0.8,SVD-DBSCAN-LIN-CWS-VICIS_EMANON2-NDCG-SURROGATE-C@0.8
0.21314527404269756,USERS_CAND_ITEMS,SVD,DBSCAN,LIN,CWS,VICIS_EMANON2,NDCG,SURROGATE,C@0.8,SVD-DBSCAN-LIN-CWS-VICIS_EMANON2-NDCG-SURROGATE-C@0.8
0.1325946816863515,USERS_REC_LISTS,SVD,DBSCAN,LIN,CWS,VICIS_EMANON2,NDCG,SURROGATE,C@0.8,SVD-DBSCAN-LIN-CWS-VICIS_EMANON2-NDCG-SURROGATE-C@0.8
0.39712390083592997,USER_PREF,SVD,DBSCAN,LIN,CWS,VICIS_EMANON2,NDCG,SURROGATE,C@0.9,SVD-DBSCAN-LIN-CWS-VICIS_EMANON2-NDCG-SURROGATE-C@0.9
0.21314527404269756,USERS_CAND_ITEMS,SVD,DBSCAN,LIN,CWS,VICIS_EMANON2,NDCG,SURROGATE,C@0.9,SVD-DBSCAN-LIN-CWS-VICIS_EMANON2-NDCG-SURROGATE-C@0.9
0.13630859499588388,USERS_REC_LISTS,SVD,DBSCAN,LIN,CWS,VICIS_EMANON2,NDCG,SURROGATE,C@0.9,SVD-DBSCAN-LIN-CWS-VICIS_EMANON2-NDCG-SURROGATE-C@0.9
0.39712390083592997,USER_PREF,SVD,DBSCAN,LIN,CWS,VICIS_EMANON2,NDCG,SURROGATE,C@1.0,SVD-DBSCAN-LIN-CWS-VICIS_EMANON2-NDCG-SURROGATE-C@1.0
0.21314527404269756,USERS_CAND_ITEMS,SVD,DBSCAN,LIN,CWS,VICIS_EMANON2,NDCG,SURROGATE,C@1.0,SVD-DBSCAN-LIN-CWS-VICIS_EMANON2-NDCG-SURROGATE-C@1.0
0.14077820545369796,USERS_REC_LISTS,SVD,DBSCAN,LIN,CWS,VICIS_EMANON2,NDCG,SURROGATE,C@1.0,SVD-DBSCAN-LIN-CWS-VICIS_EMANON2-NDCG-SURROGATE-C@1.0
0.30283946965782016,USER_PREF,SVD,OSVM,LIN,CWS,VICIS_EMANON2,NDCG,SURROGATE,VAR,SVD-OSVM-LIN-CWS-VICIS_EMANON2-NDCG-SURROGATE-VAR
0.1917358328053801,USERS_CAND_ITEMS,SVD,OSVM,LIN,CWS,VICIS_EMANON2,NDCG,SURROGATE,VAR,SVD-OSVM-LIN-CWS-VICIS_EMANON2-NDCG-SURROGATE-VAR
0.10380183876491582,USERS_REC_LISTS,SVD,OSVM,LIN,CWS,VICIS_EMANON2,NDCG,SURROGATE,VAR,SVD-OSVM-LIN-CWS-VICIS_EMANON2-NDCG-SURROGATE-VAR
0.30283946965782016,USER_PREF,SVD,OSVM,LIN,CWS,VICIS_EMANON2,NDCG,SURROGATE,CGR,SVD-OSVM-LIN-CWS-VICIS_EMANON2-NDCG-SURROGATE-CGR
0.1917358328053801,USERS_CAND_ITEMS,SVD,OSVM,LIN,CWS,VICIS_EMANON2,NDCG,SURROGATE,CGR,SVD-OSVM-LIN-CWS-VICIS_EMANON2-NDCG-SURROGATE-CGR
0.10682070920147346,USERS_REC_LISTS,SVD,OSVM,LIN,CWS,VICIS_EMANON2,NDCG,SURROGATE,CGR,SVD-OSVM-LIN-CWS-VICIS_EMANON2-NDCG-SURROGATE-CGR
0.30283946965782016,USER_PREF,SVD,OSVM,LIN,CWS,VICIS_EMANON2,NDCG,SURROGATE,C@0.0,SVD-OSVM-LIN-CWS-VICIS_EMANON2-NDCG-SURROGATE-C@0.0
0.1917358328053801,USERS_CAND_ITEMS,SVD,OSVM,LIN,CWS,VICIS_EMANON2,NDCG,SURROGATE,C@0.0,SVD-OSVM-LIN-CWS-VICIS_EMANON2-NDCG-SURROGATE-C@0.0
0.24531691464002495,USERS_REC_LISTS,SVD,OSVM,LIN,CWS,VICIS_EMANON2,NDCG,SURROGATE,C@0.0,SVD-OSVM-LIN-CWS-VICIS_EMANON2-NDCG-SURROGATE-C@0.0
0.30283946965782016,USER_PREF,SVD,OSVM,LIN,CWS,VICIS_EMANON2,NDCG,SURROGATE,C@0.1,SVD-OSVM-LIN-CWS-VICIS_EMANON2-NDCG-SURROGATE-C@0.1
0.1917358328053801,USERS_CAND_ITEMS,SVD,OSVM,LIN,CWS,VICIS_EMANON2,NDCG,SURROGATE,C@0.1,SVD-OSVM-LIN-CWS-VICIS_EMANON2-NDCG-SURROGATE-C@0.1
0.10893509012675785,USERS_REC_LISTS,SVD,OSVM,LIN,CWS,VICIS_EMANON2,NDCG,SURROGATE,C@0.1,SVD-OSVM-LIN-CWS-VICIS_EMANON2-NDCG-SURROGATE-C@0.1
0.30283946965782016,USER_PREF,SVD,OSVM,LIN,CWS,VICIS_EMANON2,NDCG,SURROGATE,C@0.2,SVD-OSVM-LIN-CWS-VICIS_EMANON2-NDCG-SURROGATE-C@0.2
0.1917358328053801,USERS_CAND_ITEMS,SVD,OSVM,LIN,CWS,VICIS_EMANON2,NDCG,SURROGATE,C@0.2,SVD-OSVM-LIN-CWS-VICIS_EMANON2-NDCG-SURROGATE-C@0.2
0.10863337013003867,USERS_REC_LISTS,SVD,OSVM,LIN,CWS,VICIS_EMANON2,NDCG,SURROGATE,C@0.2,SVD-OSVM-LIN-CWS-VICIS_EMANON2-NDCG-SURROGATE-C@0.2
0.30283946965782016,USER_PREF,SVD,OSVM,LIN,CWS,VICIS_EMANON2,NDCG,SURROGATE,C@0.3,SVD-OSVM-LIN-CWS-VICIS_EMANON2-NDCG-SURROGATE-C@0.3
0.1917358328053801,USERS_CAND_ITEMS,SVD,OSVM,LIN,CWS,VICIS_EMANON2,NDCG,SURROGATE,C@0.3,SVD-OSVM-LIN-CWS-VICIS_EMANON2-NDCG-SURROGATE-C@0.3
0.11578264189325545,USERS_REC_LISTS,SVD,OSVM,LIN,CWS,VICIS_EMANON2,NDCG,SURROGATE,C@0.3,SVD-OSVM-LIN-CWS-VICIS_EMANON2-NDCG-SURROGATE-C@0.3
0.30283946965782016,USER_PREF,SVD,OSVM,LIN,CWS,VICIS_EMANON2,NDCG,SURROGATE,C@0.4,SVD-OSVM-LIN-CWS-VICIS_EMANON2-NDCG-SURROGATE-C@0.4
0.1917358328053801,USERS_CAND_ITEMS,SVD,OSVM,LIN,CWS,VICIS_EMANON2,NDCG,SURROGATE,C@0.4,SVD-OSVM-LIN-CWS-VICIS_EMANON2-NDCG-SURROGATE-C@0.4
0.11150342417703088,USERS_REC_LISTS,SVD,OSVM,LIN,CWS,VICIS_EMANON2,NDCG,SURROGATE,C@0.4,SVD-OSVM-LIN-CWS-VICIS_EMANON2-NDCG-SURROGATE-C@0.4
0.30283946965782016,USER_PREF,SVD,OSVM,LIN,CWS,VICIS_EMANON2,NDCG,SURROGATE,C@0.5,SVD-OSVM-LIN-CWS-VICIS_EMANON2-NDCG-SURROGATE-C@0.5
0.1917358328053801,USERS_CAND_ITEMS,SVD,OSVM,LIN,CWS,VICIS_EMANON2,NDCG,SURROGATE,C@0.5,SVD-OSVM-LIN-CWS-VICIS_EMANON2-NDCG-SURROGATE-C@0.5
0.10058734538736318,USERS_REC_LISTS,SVD,OSVM,LIN,CWS,VICIS_EMANON2,NDCG,SURROGATE,C@0.5,SVD-OSVM-LIN-CWS-VICIS_EMANON2-NDCG-SURROGATE-C@0.5
0.30283946965782016,USER_PREF,SVD,OSVM,LIN,CWS,VICIS_EMANON2,NDCG,SURROGATE,C@0.6,SVD-OSVM-LIN-CWS-VICIS_EMANON2-NDCG-SURROGATE-C@0.6
0.1917358328053801,USERS_CAND_ITEMS,SVD,OSVM,LIN,CWS,VICIS_EMANON2,NDCG,SURROGATE,C@0.6,SVD-OSVM-LIN-CWS-VICIS_EMANON2-NDCG-SURROGATE-C@0.6
0.11323214922890792,USERS_REC_LISTS,SVD,OSVM,LIN,CWS,VICIS_EMANON2,NDCG,SURROGATE,C@0.6,SVD-OSVM-LIN-CWS-VICIS_EMANON2-NDCG-SURROGATE-C@0.6
0.30283946965782016,USER_PREF,SVD,OSVM,LIN,CWS,VICIS_EMANON2,NDCG,SURROGATE,C@0.7,SVD-OSVM-LIN-CWS-VICIS_EMANON2-NDCG-SURROGATE-C@0.7
0.1917358328053801,USERS_CAND_ITEMS,SVD,OSVM,LIN,CWS,VICIS_EMANON2,NDCG,SURROGATE,C@0.7,SVD-OSVM-LIN-CWS-VICIS_EMANON2-NDCG-SURROGATE-C@0.7
0.10847419851072636,USERS_REC_LISTS,SVD,OSVM,LIN,CWS,VICIS_EMANON2,NDCG,SURROGATE,C@0.7,SVD-OSVM-LIN-CWS-VICIS_EMANON2-NDCG-SURROGATE-C@0.7
0.30283946965782016,USER_PREF,SVD,OSVM,LIN,CWS,VICIS_EMANON2,NDCG,SURROGATE,C@0.8,SVD-OSVM-LIN-CWS-VICIS_EMANON2-NDCG-SURROGATE-C@0.8
0.1917358328053801,USERS_CAND_ITEMS,SVD,OSVM,LIN,CWS,VICIS_EMANON2,NDCG,SURROGATE,C@0.8,SVD-OSVM-LIN-CWS-VICIS_EMANON2-NDCG-SURROGATE-C@0.8
0.10330866754660348,USERS_REC_LISTS,SVD,OSVM,LIN,CWS,VICIS_EMANON2,NDCG,SURROGATE,C@0.8,SVD-OSVM-LIN-CWS-VICIS_EMANON2-NDCG-SURROGATE-C@0.8
0.30283946965782016,USER_PREF,SVD,OSVM,LIN,CWS,VICIS_EMANON2,NDCG,SURROGATE,C@0.9,SVD-OSVM-LIN-CWS-VICIS_EMANON2-NDCG-SURROGATE-C@0.9
0.1917358328053801,USERS_CAND_ITEMS,SVD,OSVM,LIN,CWS,VICIS_EMANON2,NDCG,SURROGATE,C@0.9,SVD-OSVM-LIN-CWS-VICIS_EMANON2-NDCG-SURROGATE-C@0.9
0.10201722919418214,USERS_REC_LISTS,SVD,OSVM,LIN,CWS,VICIS_EMANON2,NDCG,SURROGATE,C@0.9,SVD-OSVM-LIN-CWS-VICIS_EMANON2-NDCG-SURROGATE-C@0.9
0.30283946965782016,USER_PREF,SVD,OSVM,LIN,CWS,VICIS_EMANON2,NDCG,SURROGATE,C@1.0,SVD-OSVM-LIN-CWS-VICIS_EMANON2-NDCG-SURROGATE-C@1.0
0.1917358328053801,USERS_CAND_ITEMS,SVD,OSVM,LIN,CWS,VICIS_EMANON2,NDCG,SURROGATE,C@1.0,SVD-OSVM-LIN-CWS-VICIS_EMANON2-NDCG-SURROGATE-C@1.0
0.10682070920147346,USERS_REC_LISTS,SVD,OSVM,LIN,CWS,VICIS_EMANON2,NDCG,SURROGATE,C@1.0,SVD-OSVM-LIN-CWS-VICIS_EMANON2-NDCG-SURROGATE-C@1.0
0.19852101720440016,USER_PREF,SVD,SGD,LIN,CWS,VICIS_EMANON2,NDCG,SURROGATE,VAR,SVD-SGD-LIN-CWS-VICIS_EMANON2-NDCG-SURROGATE-VAR
0.01936069622774692,USERS_CAND_ITEMS,SVD,SGD,LIN,CWS,VICIS_EMANON2,NDCG,SURROGATE,VAR,SVD-SGD-LIN-CWS-VICIS_EMANON2-NDCG-SURROGATE-VAR
0.03127865059552736,USERS_REC_LISTS,SVD,SGD,LIN,CWS,VICIS_EMANON2,NDCG,SURROGATE,VAR,SVD-SGD-LIN-CWS-VICIS_EMANON2-NDCG-SURROGATE-VAR
0.1565638492313332,USER_PREF,SVD,SGD,LIN,CWS,VICIS_EMANON2,NDCG,SURROGATE,CGR,SVD-SGD-LIN-CWS-VICIS_EMANON2-NDCG-SURROGATE-CGR
0.01872871580920522,USERS_CAND_ITEMS,SVD,SGD,LIN,CWS,VICIS_EMANON2,NDCG,SURROGATE,CGR,SVD-SGD-LIN-CWS-VICIS_EMANON2-NDCG-SURROGATE-CGR
0.02821115253546072,USERS_REC_LISTS,SVD,SGD,LIN,CWS,VICIS_EMANON2,NDCG,SURROGATE,CGR,SVD-SGD-LIN-CWS-VICIS_EMANON2-NDCG-SURROGATE-CGR
0.1531868145561781,USER_PREF,SVD,SGD,LIN,CWS,VICIS_EMANON2,NDCG,SURROGATE,C@0.0,SVD-SGD-LIN-CWS-VICIS_EMANON2-NDCG-SURROGATE-C@0.0
0.018637768893983223,USERS_CAND_ITEMS,SVD,SGD,LIN,CWS,VICIS_EMANON2,NDCG,SURROGATE,C@0.0,SVD-SGD-LIN-CWS-VICIS_EMANON2-NDCG-SURROGATE-C@0.0
0.01870461201090618,USERS_REC_LISTS,SVD,SGD,LIN,CWS,VICIS_EMANON2,NDCG,SURROGATE,C@0.0,SVD-SGD-LIN-CWS-VICIS_EMANON2-NDCG-SURROGATE-C@0.0
0.16880561940597577,USER_PREF,SVD,SGD,LIN,CWS,VICIS_EMANON2,NDCG,SURROGATE,C@0.1,SVD-SGD-LIN-CWS-VICIS_EMANON2-NDCG-SURROGATE-C@0.1
0.01447388466911022,USERS_CAND_ITEMS,SVD,SGD,LIN,CWS,VICIS_EMANON2,NDCG,SURROGATE,C@0.1,SVD-SGD-LIN-CWS-VICIS_EMANON2-NDCG-SURROGATE-C@0.1
0.03332991946222538,USERS_REC_LISTS,SVD,SGD,LIN,CWS,VICIS_EMANON2,NDCG,SURROGATE,C@0.1,SVD-SGD-LIN-CWS-VICIS_EMANON2-NDCG-SURROGATE-C@0.1
0.15268084777697094,USER_PREF,SVD,SGD,LIN,CWS,VICIS_EMANON2,NDCG,SURROGATE,C@0.2,SVD-SGD-LIN-CWS-VICIS_EMANON2-NDCG-SURROGATE-C@0.2
0.02221539909435384,USERS_CAND_ITEMS,SVD,SGD,LIN,CWS,VICIS_EMANON2,NDCG,SURROGATE,C@0.2,SVD-SGD-LIN-CWS-VICIS_EMANON2-NDCG-SURROGATE-C@0.2
0.02808784548657292,USERS_REC_LISTS,SVD,SGD,LIN,CWS,VICIS_EMANON2,NDCG,SURROGATE,C@0.2,SVD-SGD-LIN-CWS-VICIS_EMANON2-NDCG-SURROGATE-C@0.2
0.1876182837870959,USER_PREF,SVD,SGD,LIN,CWS,VICIS_EMANON2,NDCG,SURROGATE,C@0.3,SVD-SGD-LIN-CWS-VICIS_EMANON2-NDCG-SURROGATE-C@0.3
0.01794714169070218,USERS_CAND_ITEMS,SVD,SGD,LIN,CWS,VICIS_EMANON2,NDCG,SURROGATE,C@0.3,SVD-SGD-LIN-CWS-VICIS_EMANON2-NDCG-SURROGATE-C@0.3
0.02000345698739782,USERS_REC_LISTS,SVD,SGD,LIN,CWS,VICIS_EMANON2,NDCG,SURROGATE,C@0.3,SVD-SGD-LIN-CWS-VICIS_EMANON2-NDCG-SURROGATE-C@0.3
0.17233187646211331,USER_PREF,SVD,SGD,LIN,CWS,VICIS_EMANON2,NDCG,SURROGATE,C@0.4,SVD-SGD-LIN-CWS-VICIS_EMANON2-NDCG-SURROGATE-C@0.4
0.0188314266744063,USERS_CAND_ITEMS,SVD,SGD,LIN,CWS,VICIS_EMANON2,NDCG,SURROGATE,C@0.4,SVD-SGD-LIN-CWS-VICIS_EMANON2-NDCG-SURROGATE-C@0.4
0.02300843924796226,USERS_REC_LISTS,SVD,SGD,LIN,CWS,VICIS_EMANON2,NDCG,SURROGATE,C@0.4,SVD-SGD-LIN-CWS-VICIS_EMANON2-NDCG-SURROGATE-C@0.4
0.17046591903461447,USER_PREF,SVD,SGD,LIN,CWS,VICIS_EMANON2,NDCG,SURROGATE,C@0.5,SVD-SGD-LIN-CWS-VICIS_EMANON2-NDCG-SURROGATE-C@0.5
0.027250904938066242,USERS_CAND_ITEMS,SVD,SGD,LIN,CWS,VICIS_EMANON2,NDCG,SURROGATE,C@0.5,SVD-SGD-LIN-CWS-VICIS_EMANON2-NDCG-SURROGATE-C@0.5
0.02925166822699854,USERS_REC_LISTS,SVD,SGD,LIN,CWS,VICIS_EMANON2,NDCG,SURROGATE,C@0.5,SVD-SGD-LIN-CWS-VICIS_EMANON2-NDCG-SURROGATE-C@0.5
0.16418740869306286,USER_PREF,SVD,SGD,LIN,CWS,VICIS_EMANON2,NDCG,SURROGATE,C@0.6,SVD-SGD-LIN-CWS-VICIS_EMANON2-NDCG-SURROGATE-C@0.6
0.02905284911469832,USERS_CAND_ITEMS,SVD,SGD,LIN,CWS,VICIS_EMANON2,NDCG,SURROGATE,C@0.6,SVD-SGD-LIN-CWS-VICIS_EMANON2-NDCG-SURROGATE-C@0.6
0.03649822798565532,USERS_REC_LISTS,SVD,SGD,LIN,CWS,VICIS_EMANON2,NDCG,SURROGATE,C@0.6,SVD-SGD-LIN-CWS-VICIS_EMANON2-NDCG-SURROGATE-C@0.6
0.1867910690380182,USER_PREF,SVD,SGD,LIN,CWS,VICIS_EMANON2,NDCG,SURROGATE,C@0.7,SVD-SGD-LIN-CWS-VICIS_EMANON2-NDCG-SURROGATE-C@0.7
0.02322571086420998,USERS_CAND_ITEMS,SVD,SGD,LIN,CWS,VICIS_EMANON2,NDCG,SURROGATE,C@0.7,SVD-SGD-LIN-CWS-VICIS_EMANON2-NDCG-SURROGATE-C@0.7
0.031113184235457,USERS_REC_LISTS,SVD,SGD,LIN,CWS,VICIS_EMANON2,NDCG,SURROGATE,C@0.7,SVD-SGD-LIN-CWS-VICIS_EMANON2-NDCG-SURROGATE-C@0.7
0.1522294897698624,USER_PREF,SVD,SGD,LIN,CWS,VICIS_EMANON2,NDCG,SURROGATE,C@0.8,SVD-SGD-LIN-CWS-VICIS_EMANON2-NDCG-SURROGATE-C@0.8
0.0261638577663629,USERS_CAND_ITEMS,SVD,SGD,LIN,CWS,VICIS_EMANON2,NDCG,SURROGATE,C@0.8,SVD-SGD-LIN-CWS-VICIS_EMANON2-NDCG-SURROGATE-C@0.8
0.032067169065416665,USERS_REC_LISTS,SVD,SGD,LIN,CWS,VICIS_EMANON2,NDCG,SURROGATE,C@0.8,SVD-SGD-LIN-CWS-VICIS_EMANON2-NDCG-SURROGATE-C@0.8
0.16970922694836946,USER_PREF,SVD,SGD,LIN,CWS,VICIS_EMANON2,NDCG,SURROGATE,C@0.9,SVD-SGD-LIN-CWS-VICIS_EMANON2-NDCG-SURROGATE-C@0.9
0.02946441718514618,USERS_CAND_ITEMS,SVD,SGD,LIN,CWS,VICIS_EMANON2,NDCG,SURROGATE,C@0.9,SVD-SGD-LIN-CWS-VICIS_EMANON2-NDCG-SURROGATE-C@0.9
0.030357824622984638,USERS_REC_LISTS,SVD,SGD,LIN,CWS,VICIS_EMANON2,NDCG,SURROGATE,C@0.9,SVD-SGD-LIN-CWS-VICIS_EMANON2-NDCG-SURROGATE-C@0.9
0.17081219016521337,USER_PREF,SVD,SGD,LIN,CWS,VICIS_EMANON2,NDCG,SURROGATE,C@1.0,SVD-SGD-LIN-CWS-VICIS_EMANON2-NDCG-SURROGATE-C@1.0
0.025562400396934838,USERS_CAND_ITEMS,SVD,SGD,LIN,CWS,VICIS_EMANON2,NDCG,SURROGATE,C@1.0,SVD-SGD-LIN-CWS-VICIS_EMANON2-NDCG-SURROGATE-C@1.0
0.03572911293438364,USERS_REC_LISTS,SVD,SGD,LIN,CWS,VICIS_EMANON2,NDCG,SURROGATE,C@1.0,SVD-SGD-LIN-CWS-VICIS_EMANON2-NDCG-SURROGATE-C@1.0
0.17540654521110993,USER_PREF,SVD,ENVELOPE,LIN,CWS,VICIS_EMANON2,NDCG,SURROGATE,VAR,SVD-ENVELOPE-LIN-CWS-VICIS_EMANON2-NDCG-SURROGATE-VAR
0.2042346327433088,USERS_CAND_ITEMS,SVD,ENVELOPE,LIN,CWS,VICIS_EMANON2,NDCG,SURROGATE,VAR,SVD-ENVELOPE-LIN-CWS-VICIS_EMANON2-NDCG-SURROGATE-VAR
0.12612387025275323,USERS_REC_LISTS,SVD,ENVELOPE,LIN,CWS,VICIS_EMANON2,NDCG,SURROGATE,VAR,SVD-ENVELOPE-LIN-CWS-VICIS_EMANON2-NDCG-SURROGATE-VAR
0.17398038903117874,USER_PREF,SVD,ENVELOPE,LIN,CWS,VICIS_EMANON2,NDCG,SURROGATE,CGR,SVD-ENVELOPE-LIN-CWS-VICIS_EMANON2-NDCG-SURROGATE-CGR
0.18726438891546499,USERS_CAND_ITEMS,SVD,ENVELOPE,LIN,CWS,VICIS_EMANON2,NDCG,SURROGATE,CGR,SVD-ENVELOPE-LIN-CWS-VICIS_EMANON2-NDCG-SURROGATE-CGR
0.12039211034090633,USERS_REC_LISTS,SVD,ENVELOPE,LIN,CWS,VICIS_EMANON2,NDCG,SURROGATE,CGR,SVD-ENVELOPE-LIN-CWS-VICIS_EMANON2-NDCG-SURROGATE-CGR
0.17435878971193844,USER_PREF,SVD,ENVELOPE,LIN,CWS,VICIS_EMANON2,NDCG,SURROGATE,C@0.0,SVD-ENVELOPE-LIN-CWS-VICIS_EMANON2-NDCG-SURROGATE-C@0.0
0.19615770777553934,USERS_CAND_ITEMS,SVD,ENVELOPE,LIN,CWS,VICIS_EMANON2,NDCG,SURROGATE,C@0.0,SVD-ENVELOPE-LIN-CWS-VICIS_EMANON2-NDCG-SURROGATE-C@0.0
0.17848022006912795,USERS_REC_LISTS,SVD,ENVELOPE,LIN,CWS,VICIS_EMANON2,NDCG,SURROGATE,C@0.0,SVD-ENVELOPE-LIN-CWS-VICIS_EMANON2-NDCG-SURROGATE-C@0.0
0.1955953488250516,USER_PREF,SVD,ENVELOPE,LIN,CWS,VICIS_EMANON2,NDCG,SURROGATE,C@0.1,SVD-ENVELOPE-LIN-CWS-VICIS_EMANON2-NDCG-SURROGATE-C@0.1
0.18443668888565012,USERS_CAND_ITEMS,SVD,ENVELOPE,LIN,CWS,VICIS_EMANON2,NDCG,SURROGATE,C@0.1,SVD-ENVELOPE-LIN-CWS-VICIS_EMANON2-NDCG-SURROGATE-C@0.1
0.11543263977950707,USERS_REC_LISTS,SVD,ENVELOPE,LIN,CWS,VICIS_EMANON2,NDCG,SURROGATE,C@0.1,SVD-ENVELOPE-LIN-CWS-VICIS_EMANON2-NDCG-SURROGATE-C@0.1
0.17560122822194074,USER_PREF,SVD,ENVELOPE,LIN,CWS,VICIS_EMANON2,NDCG,SURROGATE,C@0.2,SVD-ENVELOPE-LIN-CWS-VICIS_EMANON2-NDCG-SURROGATE-C@0.2
0.180691969604809,USERS_CAND_ITEMS,SVD,ENVELOPE,LIN,CWS,VICIS_EMANON2,NDCG,SURROGATE,C@0.2,SVD-ENVELOPE-LIN-CWS-VICIS_EMANON2-NDCG-SURROGATE-C@0.2
0.11916357534792187,USERS_REC_LISTS,SVD,ENVELOPE,LIN,CWS,VICIS_EMANON2,NDCG,SURROGATE,C@0.2,SVD-ENVELOPE-LIN-CWS-VICIS_EMANON2-NDCG-SURROGATE-C@0.2
0.17355257588728995,USER_PREF,SVD,ENVELOPE,LIN,CWS,VICIS_EMANON2,NDCG,SURROGATE,C@0.3,SVD-ENVELOPE-LIN-CWS-VICIS_EMANON2-NDCG-SURROGATE-C@0.3
0.18877290648946504,USERS_CAND_ITEMS,SVD,ENVELOPE,LIN,CWS,VICIS_EMANON2,NDCG,SURROGATE,C@0.3,SVD-ENVELOPE-LIN-CWS-VICIS_EMANON2-NDCG-SURROGATE-C@0.3
0.12568698854935062,USERS_REC_LISTS,SVD,ENVELOPE,LIN,CWS,VICIS_EMANON2,NDCG,SURROGATE,C@0.3,SVD-ENVELOPE-LIN-CWS-VICIS_EMANON2-NDCG-SURROGATE-C@0.3
0.17411928186233133,USER_PREF,SVD,ENVELOPE,LIN,CWS,VICIS_EMANON2,NDCG,SURROGATE,C@0.4,SVD-ENVELOPE-LIN-CWS-VICIS_EMANON2-NDCG-SURROGATE-C@0.4
0.1894619803625652,USERS_CAND_ITEMS,SVD,ENVELOPE,LIN,CWS,VICIS_EMANON2,NDCG,SURROGATE,C@0.4,SVD-ENVELOPE-LIN-CWS-VICIS_EMANON2-NDCG-SURROGATE-C@0.4
0.108592539630623,USERS_REC_LISTS,SVD,ENVELOPE,LIN,CWS,VICIS_EMANON2,NDCG,SURROGATE,C@0.4,SVD-ENVELOPE-LIN-CWS-VICIS_EMANON2-NDCG-SURROGATE-C@0.4
0.1749918125577651,USER_PREF,SVD,ENVELOPE,LIN,CWS,VICIS_EMANON2,NDCG,SURROGATE,C@0.5,SVD-ENVELOPE-LIN-CWS-VICIS_EMANON2-NDCG-SURROGATE-C@0.5
0.18349352790743031,USERS_CAND_ITEMS,SVD,ENVELOPE,LIN,CWS,VICIS_EMANON2,NDCG,SURROGATE,C@0.5,SVD-ENVELOPE-LIN-CWS-VICIS_EMANON2-NDCG-SURROGATE-C@0.5
0.10939703017338459,USERS_REC_LISTS,SVD,ENVELOPE,LIN,CWS,VICIS_EMANON2,NDCG,SURROGATE,C@0.5,SVD-ENVELOPE-LIN-CWS-VICIS_EMANON2-NDCG-SURROGATE-C@0.5
0.17407902587690294,USER_PREF,SVD,ENVELOPE,LIN,CWS,VICIS_EMANON2,NDCG,SURROGATE,C@0.6,SVD-ENVELOPE-LIN-CWS-VICIS_EMANON2-NDCG-SURROGATE-C@0.6
0.20389855807119317,USERS_CAND_ITEMS,SVD,ENVELOPE,LIN,CWS,VICIS_EMANON2,NDCG,SURROGATE,C@0.6,SVD-ENVELOPE-LIN-CWS-VICIS_EMANON2-NDCG-SURROGATE-C@0.6
0.10639945646990866,USERS_REC_LISTS,SVD,ENVELOPE,LIN,CWS,VICIS_EMANON2,NDCG,SURROGATE,C@0.6,SVD-ENVELOPE-LIN-CWS-VICIS_EMANON2-NDCG-SURROGATE-C@0.6
0.17456678318134328,USER_PREF,SVD,ENVELOPE,LIN,CWS,VICIS_EMANON2,NDCG,SURROGATE,C@0.7,SVD-ENVELOPE-LIN-CWS-VICIS_EMANON2-NDCG-SURROGATE-C@0.7
0.18768148622577532,USERS_CAND_ITEMS,SVD,ENVELOPE,LIN,CWS,VICIS_EMANON2,NDCG,SURROGATE,C@0.7,SVD-ENVELOPE-LIN-CWS-VICIS_EMANON2-NDCG-SURROGATE-C@0.7
0.12825338100259895,USERS_REC_LISTS,SVD,ENVELOPE,LIN,CWS,VICIS_EMANON2,NDCG,SURROGATE,C@0.7,SVD-ENVELOPE-LIN-CWS-VICIS_EMANON2-NDCG-SURROGATE-C@0.7
0.17473534504324245,USER_PREF,SVD,ENVELOPE,LIN,CWS,VICIS_EMANON2,NDCG,SURROGATE,C@0.8,SVD-ENVELOPE-LIN-CWS-VICIS_EMANON2-NDCG-SURROGATE-C@0.8
0.19436742476563465,USERS_CAND_ITEMS,SVD,ENVELOPE,LIN,CWS,VICIS_EMANON2,NDCG,SURROGATE,C@0.8,SVD-ENVELOPE-LIN-CWS-VICIS_EMANON2-NDCG-SURROGATE-C@0.8
0.11116805700288976,USERS_REC_LISTS,SVD,ENVELOPE,LIN,CWS,VICIS_EMANON2,NDCG,SURROGATE,C@0.8,SVD-ENVELOPE-LIN-CWS-VICIS_EMANON2-NDCG-SURROGATE-C@0.8
0.17422517141429023,USER_PREF,SVD,ENVELOPE,LIN,CWS,VICIS_EMANON2,NDCG,SURROGATE,C@0.9,SVD-ENVELOPE-LIN-CWS-VICIS_EMANON2-NDCG-SURROGATE-C@0.9
0.18883714865752557,USERS_CAND_ITEMS,SVD,ENVELOPE,LIN,CWS,VICIS_EMANON2,NDCG,SURROGATE,C@0.9,SVD-ENVELOPE-LIN-CWS-VICIS_EMANON2-NDCG-SURROGATE-C@0.9
0.12317660829518032,USERS_REC_LISTS,SVD,ENVELOPE,LIN,CWS,VICIS_EMANON2,NDCG,SURROGATE,C@0.9,SVD-ENVELOPE-LIN-CWS-VICIS_EMANON2-NDCG-SURROGATE-C@0.9
0.1932081629818821,USER_PREF,SVD,ENVELOPE,LIN,CWS,VICIS_EMANON2,NDCG,SURROGATE,C@1.0,SVD-ENVELOPE-LIN-CWS-VICIS_EMANON2-NDCG-SURROGATE-C@1.0
0.18270139575133978,USERS_CAND_ITEMS,SVD,ENVELOPE,LIN,CWS,VICIS_EMANON2,NDCG,SURROGATE,C@1.0,SVD-ENVELOPE-LIN-CWS-VICIS_EMANON2-NDCG-SURROGATE-C@1.0
0.12293874885765727,USERS_REC_LISTS,SVD,ENVELOPE,LIN,CWS,VICIS_EMANON2,NDCG,SURROGATE,C@1.0,SVD-ENVELOPE-LIN-CWS-VICIS_EMANON2-NDCG-SURROGATE-C@1.0
